year,month,carrier,carrier_name,airport,airport_name,year,month,arr_flights,arr_del15,carrier_ct,weather_ct,nas_ct,security_ct,late_aircraft_ct,arr_cancelled,arr_diverted,arr_delay,carrier_delay,weather_delay,nas_delay,security_delay,late_aircraft_delay,violated_rule
2024,12,G4,Allegiant Air,BTV,"Burlington, VT: Burlington International",2024,12,,,,,,,,,,,,,,,,cause_delays_sum_mismatch
2024,11,C5,CommuteAir LLC dba CommuteAir,DAY,"Dayton, OH: James M Cox/Dayton International",2024,11,,,,,,,,,,,,,,,,cause_delays_sum_mismatch
2024,10,C5,CommuteAir LLC dba CommuteAir,PVD,"Providence, RI: Rhode Island Tf Green International",2024,10,,,,,,,,,,,,,,,,cause_delays_sum_mismatch
2024,9,G7,GoJet Airlines LLC d/b/a United Express,HHH,"Hilton Head, SC: Hilton Head Airport",2024,9,,,,,,,,,,,,,,,,cause_delays_sum_mismatch
2024,9,MQ,Envoy Air,CAE,"Columbia, SC: Columbia Metropolitan",2024,9,,,,,,,,,,,,,,,,cause_delays_sum_mismatch
2024,9,UA,United Air Lines Network,EGE,"Eagle, CO: Eagle County Regional",2024,9,,,,,,,,,,,,,,,,cause_delays_sum_mismatch
2024,9,YX,Republic Airline,GRB,"Green Bay, WI: Green Bay Austin Straubel International",2024,9,,,,,,,,,,,,,,,,cause_delays_sum_mismatch
2024,7,F9,Frontier Airlines,MCO,"Orlando, FL: Orlando International",2024,7,1274.0,393.0,92.3,3.21,69.13,0.0,227.36,52.0,1.0,39334.0,13583.0,363.0,4100.0,0.0,21108.0,cause_delays_sum_mismatch
2024,7,F9,Frontier Airlines,MIA,"Miami, FL: Miami International",2024,7,372.0,136.0,31.6,1.79,19.93,0.0,81.68,16.0,0.0,12812.0,2068.0,124.0,1080.0,0.0,9414.0,cause_delays_sum_mismatch
2024,6,YX,Republic Airline,ITH,"Ithaca/Cortland, NY: Ithaca Tompkins International",2024,6,,,,,,,,,,,,,,,,cause_delays_sum_mismatch
2024,4,UA,United Air Lines Network,MAF,"Midland/Odessa, TX: Midland International Air and Space Port",2024,4,,,,,,,,,,,,,,,,cause_delays_sum_mismatch
2024,4,PT,Piedmont Airlines,CAK,"Akron, OH: Akron-Canton Regional",2024,4,,,,,,,,,,,,,,,,cause_delays_sum_mismatch
2024,3,F9,Frontier Airlines,IAD,"Washington, DC: Washington Dulles International",2024,3,,,,,,,,,,,,,,,,cause_delays_sum_mismatch
2024,3,G7,GoJet Airlines LLC d/b/a United Express,CHO,"Charlottesville, VA: Charlottesville Albemarle",2024,3,,,,,,,,,,,,,,,,cause_delays_sum_mismatch
2024,3,OO,SkyWest Airlines Inc.,GCK,"Garden City, KS: Garden City Regional",2024,3,,,,,,,,,,,,,,,,cause_delays_sum_mismatch
2024,1,NK,Spirit Airlines,LFT,"Lafayette, LA: Lafayette Regional Paul Fournet Field",2024,1,,,,,,,,,,,,,,,,cause_delays_sum_mismatch
2024,1,OO,SkyWest Airlines Inc.,BPT,"Beaumont/Port Arthur, TX: Jack Brooks Regional",2024,1,,,,,,,,,,,,,,,,cause_delays_sum_mismatch
2024,1,C5,CommuteAir LLC dba CommuteAir,BRO,"Brownsville, TX: Brownsville South Padre Island International",2024,1,101.0,21.0,9.48,1.49,2.51,0.0,6.52,3.0,1.0,2773.0,412.0,224.0,119.0,0.0,673.0,cause_delays_sum_mismatch
2024,1,G7,GoJet Airlines LLC d/b/a United Express,CAK,"Akron, OH: Akron-Canton Regional",2024,1,,,,,,,,,,,,,,,,cause_delays_sum_mismatch
2023,12,UA,United Air Lines Network,BHM,"Birmingham, AL: Birmingham-Shuttlesworth International",2023,12,,,,,,,,,,,,,,,,cause_delays_sum_mismatch
2023,12,G7,GoJet Airlines LLC d/b/a United Express,SBN,"South Bend, IN: South Bend International",2023,12,,,,,,,,,,,,,,,,cause_delays_sum_mismatch
2023,12,YV,Mesa Airlines Inc.,ROA,"Roanoke, VA: Roanoke Blacksburg Regional",2023,12,,,,,,,,,,,,,,,,cause_delays_sum_mismatch
2023,12,YX,Republic Airline,ICT,"Wichita, KS: Wichita Dwight D Eisenhower National",2023,12,,,,,,,,,,,,,,,,cause_delays_sum_mismatch
2023,11,C5,CommuteAir LLC dba CommuteAir,BTV,"Burlington, VT: Burlington International",2023,11,,,,,,,,,,,,,,,,cause_delays_sum_mismatch
2023,11,C5,CommuteAir LLC dba CommuteAir,PVD,"Providence, RI: Rhode Island Tf Green International",2023,11,,,,,,,,,,,,,,,,cause_delays_sum_mismatch
2023,11,F9,Frontier Airlines,CLE,"Cleveland, OH: Cleveland-Hopkins International",2023,11,492.0,99.0,31.82,0.12,33.81,0.0,32.24,0.0,0.0,6934.0,3313.0,7.0,1140.0,0.0,2420.0,cause_delays_sum_mismatch
2023,10,UA,United Air Lines Network,DCA,"Washington, DC: Ronald Reagan Washington National",2023,10,538.0,56.0,22.02,0.74,18.62,0.0,13.61,1.0,1.0,3006.0,976.0,46.0,546.0,0.0,1207.0,cause_delays_sum_mismatch
2023,10,YV,Mesa Airlines Inc.,PNS,"Pensacola, FL: Pensacola International",2023,10,,,,,,,,,,,,,,,,cause_delays_sum_mismatch
2023,8,C5,CommuteAir LLC dba CommuteAir,DAY,"Dayton, OH: James M Cox/Dayton International",2023,8,,,,,,,,,,,,,,,,cause_delays_sum_mismatch
2023,8,C5,CommuteAir LLC dba CommuteAir,LBB,"Lubbock, TX: Lubbock Preston Smith International",2023,8,,,,,,,,,,,,,,,,cause_delays_sum_mismatch
2023,8,C5,CommuteAir LLC dba CommuteAir,PWM,"Portland, ME: Portland International Jetport",2023,8,,,,,,,,,,,,,,,,cause_delays_sum_mismatch
2023,8,YV,Mesa Airlines Inc.,ECP,"Panama City, FL: Northwest Florida Beaches International",2023,8,,,,,,,,,,,,,,,,cause_delays_sum_mismatch
2023,7,G7,GoJet Airlines LLC d/b/a United Express,MYR,"Myrtle Beach, SC: Myrtle Beach International",2023,7,,,,,,,,,,,,,,,,cause_delays_sum_mismatch
2023,7,YV,Mesa Airlines Inc.,LIT,"Little Rock, AR: Bill and Hillary Clinton Nat Adams Field",2023,7,,,,,,,,,,,,,,,,cause_delays_sum_mismatch
2023,6,MQ,Envoy Air,CLL,"College Station/Bryan, TX: Easterwood Field",2023,6,,,,,,,,,,,,,,,,cause_delays_sum_mismatch
2023,6,MQ,Envoy Air,EUG,"Eugene, OR: Mahlon Sweet Field",2023,6,,,,,,,,,,,,,,,,cause_delays_sum_mismatch
2023,6,MQ,Envoy Air,FSD,"Sioux Falls, SD: Joe Foss Field",2023,6,,,,,,,,,,,,,,,,cause_delays_sum_mismatch
2023,6,MQ,Envoy Air,GRB,"Green Bay, WI: Green Bay Austin Straubel International",2023,6,,,,,,,,,,,,,,,,cause_delays_sum_mismatch
2023,6,MQ,Envoy Air,HPN,"White Plains, NY: Westchester County",2023,6,,,,,,,,,,,,,,,,cause_delays_sum_mismatch
2023,6,MQ,Envoy Air,MLI,"Moline, IL: Quad Cities International",2023,6,,,,,,,,,,,,,,,,cause_delays_sum_mismatch
2023,6,MQ,Envoy Air,RIC,"Richmond, VA: Richmond International",2023,6,,,,,,,,,,,,,,,,cause_delays_sum_mismatch
2023,6,MQ,Envoy Air,ROC,"Rochester, NY: Frederick Douglass Grtr Rochester International",2023,6,,,,,,,,,,,,,,,,cause_delays_sum_mismatch
2023,6,MQ,Envoy Air,RST,"Rochester, MN: Rochester International",2023,6,,,,,,,,,,,,,,,,cause_delays_sum_mismatch
2023,6,OO,SkyWest Airlines Inc.,MLU,"Monroe, LA: Monroe Regional",2023,6,,,,,,,,,,,,,,,,cause_delays_sum_mismatch
2023,6,OO,SkyWest Airlines Inc.,SPI,"Springfield, IL: Abraham Lincoln Capital",2023,6,,,,,,,,,,,,,,,,cause_delays_sum_mismatch
2023,6,PT,Piedmont Airlines,PWM,"Portland, ME: Portland International Jetport",2023,6,,,,,,,,,,,,,,,,cause_delays_sum_mismatch
2023,6,QX,Horizon Air,PSC,"Pasco/Kennewick/Richland, WA: Tri Cities",2023,6,,,,,,,,,,,,,,,,cause_delays_sum_mismatch
2023,6,YV,Mesa Airlines Inc.,COS,"Colorado Springs, CO: City of Colorado Springs Municipal",2023,6,,,,,,,,,,,,,,,,cause_delays_sum_mismatch
2023,5,F9,Frontier Airlines,BFF,"Scottsbluff, NE: Western Neb. Regional/William B. Heilig Field",2023,5,,,,,,,,,,,,,,,,cause_delays_sum_mismatch
2023,5,ZW,Air Wisconsin Airlines Corp,CVG,"Cincinnati, OH: Cincinnati/Northern Kentucky International",2023,5,,,,,,,,,,,,,,,,cause_delays_sum_mismatch
2023,4,C5,CommuteAir LLC dba CommuteAir,SYR,"Syracuse, NY: Syracuse Hancock International",2023,4,,,,,,,,,,,,,,,,cause_delays_sum_mismatch
2023,4,G7,GoJet Airlines LLC d/b/a United Express,AVP,"Scranton/Wilkes-Barre, PA: Wilkes Barre Scranton International",2023,4,,,,,,,,,,,,,,,,cause_delays_sum_mismatch
2023,4,YX,Republic Airline,FSD,"Sioux Falls, SD: Joe Foss Field",2023,4,,,,,,,,,,,,,,,,cause_delays_sum_mismatch
2023,4,ZW,Air Wisconsin Airlines Corp,PVD,"Providence, RI: Rhode Island Tf Green International",2023,4,,,,,,,,,,,,,,,,cause_delays_sum_mismatch
2023,3,MQ,Envoy Air,AZO,"Kalamazoo, MI: Kalamazoo/Battle Creek International",2023,3,,,,,,,,,,,,,,,,cause_delays_sum_mismatch
2023,3,MQ,Envoy Air,DAY,"Dayton, OH: James M Cox/Dayton International",2023,3,,,,,,,,,,,,,,,,cause_delays_sum_mismatch
2023,3,MQ,Envoy Air,FNT,"Flint, MI: Bishop International",2023,3,,,,,,,,,,,,,,,,cause_delays_sum_mismatch
2023,3,OO,SkyWest Airlines Inc.,LAW,"Lawton/Fort Sill, OK: Lawton-Fort Sill Regional",2023,3,,,,,,,,,,,,,,,,cause_delays_sum_mismatch
2023,3,PT,Piedmont Airlines,CWA,"Mosinee, WI: Central Wisconsin",2023,3,,,,,,,,,,,,,,,,cause_delays_sum_mismatch
2023,3,PT,Piedmont Airlines,DAY,"Dayton, OH: James M Cox/Dayton International",2023,3,,,,,,,,,,,,,,,,cause_delays_sum_mismatch
2023,3,YV,Mesa Airlines Inc.,BUR,"Burbank, CA: Bob Hope",2023,3,,,,,,,,,,,,,,,,cause_delays_sum_mismatch
2023,3,YV,Mesa Airlines Inc.,MLI,"Moline, IL: Quad Cities International",2023,3,,,,,,,,,,,,,,,,cause_delays_sum_mismatch
2023,2,YV,Mesa Airlines Inc.,PSP,"Palm Springs, CA: Palm Springs International",2023,2,,,,,,,,,,,,,,,,cause_delays_sum_mismatch
2023,1,DL,Delta Air Lines Network,TRI,"Bristol/Johnson City/Kingsport, TN: Tri Cities",2023,1,,,,,,,,,,,,,,,,cause_delays_sum_mismatch
2023,1,G7,GoJet Airlines LLC d/b/a United Express,BHM,"Birmingham, AL: Birmingham-Shuttlesworth International",2023,1,,,,,,,,,,,,,,,,cause_delays_sum_mismatch
2023,1,G7,GoJet Airlines LLC d/b/a United Express,GRR,"Grand Rapids, MI: Gerald R. Ford International",2023,1,,,,,,,,,,,,,,,,cause_delays_sum_mismatch
2023,1,YV,Mesa Airlines Inc.,PNS,"Pensacola, FL: Pensacola International",2023,1,,,,,,,,,,,,,,,,cause_delays_sum_mismatch
2023,1,ZW,Air Wisconsin Airlines Corp,OKC,"Oklahoma City, OK: Will Rogers World",2023,1,,,,,,,,,,,,,,,,cause_delays_sum_mismatch
2022,11,OO,SkyWest Airlines Inc.,HRL,"Harlingen/San Benito, TX: Valley International",2022,11,,,,,,,,,,,,,,,,cause_delays_sum_mismatch
2022,10,DL,Delta Air Lines Network,OAK,"Oakland, CA: Metro Oakland International",2022,10,,,,,,,,,,,,,,,,cause_delays_sum_mismatch
2022,10,OO,SkyWest Airlines Inc.,GSO,"Greensboro/High Point, NC: Piedmont Triad International",2022,10,,,,,,,,,,,,,,,,cause_delays_sum_mismatch
2022,10,YV,Mesa Airlines Inc.,LFT,"Lafayette, LA: Lafayette Regional Paul Fournet Field",2022,10,,,,,,,,,,,,,,,,cause_delays_sum_mismatch
2022,9,9E,Endeavor Air Inc.,ABE,"Allentown/Bethlehem/Easton, PA: Lehigh Valley International",2022,9,,,,,,,,,,,,,,,,cause_delays_sum_mismatch
2022,8,C5,"Commutair Aka Champlain Enterprises, Inc.",ROC,"Rochester, NY: Greater Rochester International",2022,8,,,,,,,,,,,,,,,,cause_delays_sum_mismatch
2022,8,G7,GoJet Airlines LLC d/b/a United Express,MSP,"Minneapolis, MN: Minneapolis-St Paul International",2022,8,,,,,,,,,,,,,,,,cause_delays_sum_mismatch
2022,8,ZW,Air Wisconsin Airlines Corp,ALB,"Albany, NY: Albany International",2022,8,,,,,,,,,,,,,,,,cause_delays_sum_mismatch
2022,8,ZW,Air Wisconsin Airlines Corp,SAV,"Savannah, GA: Savannah/Hilton Head International",2022,8,,,,,,,,,,,,,,,,cause_delays_sum_mismatch
2022,7,YV,Mesa Airlines Inc.,HSV,"Huntsville, AL: Huntsville International-Carl T Jones Field",2022,7,,,,,,,,,,,,,,,,cause_delays_sum_mismatch
2022,5,G7,GoJet Airlines LLC d/b/a United Express,ALB,"Albany, NY: Albany International",2022,5,,,,,,,,,,,,,,,,cause_delays_sum_mismatch
2022,5,ZW,Air Wisconsin Airlines Corp,CHS,"Charleston, SC: Charleston AFB/International",2022,5,,,,,,,,,,,,,,,,cause_delays_sum_mismatch
2022,4,OO,SkyWest Airlines Inc.,LNK,"Lincoln, NE: Lincoln Airport",2022,4,,,,,,,,,,,,,,,,cause_delays_sum_mismatch
2022,4,YX,Republic Airline,GRB,"Green Bay, WI: Green Bay Austin Straubel International",2022,4,,,,,,,,,,,,,,,,cause_delays_sum_mismatch
2022,1,C5,"Commutair Aka Champlain Enterprises, Inc.",ORF,"Norfolk, VA: Norfolk International",2022,1,,,,,,,,,,,,,,,,cause_delays_sum_mismatch
2022,1,MQ,Envoy Air,COU,"Columbia, MO: Columbia Regional",2022,1,,,,,,,,,,,,,,,,cause_delays_sum_mismatch
2022,1,OO,SkyWest Airlines Inc.,LFT,"Lafayette, LA: Lafayette Regional Paul Fournet Field",2022,1,,,,,,,,,,,,,,,,cause_delays_sum_mismatch
2022,1,ZW,Air Wisconsin Airlines Corp,AVP,"Scranton/Wilkes-Barre, PA: Wilkes Barre Scranton International",2022,1,64.0,17.0,3.26,0.0,7.18,0.0,5.57,6.0,0.0,1313.0,217.0,0.0,253.0,0.0,607.0,cause_delays_sum_mismatch
2021,12,MQ,Envoy Air,MFE,"Mission/McAllen/Edinburg, TX: McAllen Miller International",2021,12,,,,,,,,,,,,,,,,cause_delays_sum_mismatch
2021,12,YV,Mesa Airlines Inc.,BRO,"Brownsville, TX: Brownsville South Padre Island International",2021,12,,,,,,,,,,,,,,,,cause_delays_sum_mismatch
2021,12,ZW,Air Wisconsin Airlines Corp,LIT,"Little Rock, AR: Bill and Hillary Clinton Nat Adams Field",2021,12,,,,,,,,,,,,,,,,cause_delays_sum_mismatch
2021,10,OO,SkyWest Airlines Inc.,TYR,"Tyler, TX: Tyler Pounds Regional",2021,10,,,,,,,,,,,,,,,,cause_delays_sum_mismatch
2021,10,9E,Endeavor Air Inc.,PVD,"Providence, RI: Theodore Francis Green State",2021,10,,,,,,,,,,,,,,,,cause_delays_sum_mismatch
2021,10,F9,Frontier Airlines,LAX,"Los Angeles, CA: Los Angeles International",2021,10,,,,,,,,,,,,,,,,cause_delays_sum_mismatch
2021,10,OO,SkyWest Airlines Inc.,ABI,"Abilene, TX: Abilene Regional",2021,10,,,,,,,,,,,,,,,,cause_delays_sum_mismatch
2021,9,OO,SkyWest Airlines Inc.,BGR,"Bangor, ME: Bangor International",2021,9,,,,,,,,,,,,,,,,cause_delays_sum_mismatch
2021,8,YV,Mesa Airlines Inc.,LIT,"Little Rock, AR: Bill and Hillary Clinton Nat Adams Field",2021,8,,,,,,,,,,,,,,,,cause_delays_sum_mismatch
2021,8,YX,Republic Airline,CID,"Cedar Rapids/Iowa City, IA: The Eastern Iowa",2021,8,,,,,,,,,,,,,,,,cause_delays_sum_mismatch
2021,8,YX,Republic Airline,LNK,"Lincoln, NE: Lincoln Airport",2021,8,,,,,,,,,,,,,,,,cause_delays_sum_mismatch
2021,8,YX,Republic Airline,MLI,"Moline, IL: Quad City International",2021,8,,,,,,,,,,,,,,,,cause_delays_sum_mismatch
2021,8,ZW,Air Wisconsin Airlines Corp,ACK,"Nantucket, MA: Nantucket Memorial",2021,8,,,,,,,,,,,,,,,,cause_delays_sum_mismatch
2021,8,G7,GoJet Airlines LLC d/b/a United Express,ICT,"Wichita, KS: Wichita Dwight D Eisenhower National",2021,8,,,,,,,,,,,,,,,,cause_delays_sum_mismatch
2021,8,G7,GoJet Airlines LLC d/b/a United Express,TYS,"Knoxville, TN: McGhee Tyson",2021,8,,,,,,,,,,,,,,,,cause_delays_sum_mismatch
2021,8,UA,United Air Lines Network,ABQ,"Albuquerque, NM: Albuquerque International Sunport",2021,8,,,,,,,,,,,,,,,,cause_delays_sum_mismatch
2021,7,G7,GoJet Airlines LLC d/b/a United Express,BGR,"Bangor, ME: Bangor International",2021,7,,,,,,,,,,,,,,,,cause_delays_sum_mismatch
2021,7,G7,GoJet Airlines LLC d/b/a United Express,BNA,"Nashville, TN: Nashville International",2021,7,,,,,,,,,,,,,,,,cause_delays_sum_mismatch
2021,7,G7,GoJet Airlines LLC d/b/a United Express,FAR,"Fargo, ND: Hector International",2021,7,,,,,,,,,,,,,,,,cause_delays_sum_mismatch
2021,7,G7,GoJet Airlines LLC d/b/a United Express,LNK,"Lincoln, NE: Lincoln Airport",2021,7,,,,,,,,,,,,,,,,cause_delays_sum_mismatch
2021,7,G7,GoJet Airlines LLC d/b/a United Express,PVD,"Providence, RI: Theodore Francis Green State",2021,7,,,,,,,,,,,,,,,,cause_delays_sum_mismatch
2021,7,G7,GoJet Airlines LLC d/b/a United Express,XNA,"Fayetteville, AR: Northwest Arkansas Regional",2021,7,,,,,,,,,,,,,,,,cause_delays_sum_mismatch
2021,7,OO,SkyWest Airlines Inc.,JAX,"Jacksonville, FL: Jacksonville International",2021,7,,,,,,,,,,,,,,,,cause_delays_sum_mismatch
2021,7,YX,Republic Airline,CHA,"Chattanooga, TN: Lovell Field",2021,7,,,,,,,,,,,,,,,,cause_delays_sum_mismatch
2021,7,YX,Republic Airline,ICT,"Wichita, KS: Wichita Dwight D Eisenhower National",2021,7,,,,,,,,,,,,,,,,cause_delays_sum_mismatch
2021,7,YX,Republic Airline,LIT,"Little Rock, AR: Bill and Hillary Clinton Nat Adams Field",2021,7,,,,,,,,,,,,,,,,cause_delays_sum_mismatch
2021,7,YX,Republic Airline,PIA,"Peoria, IL: General Downing - Peoria International",2021,7,,,,,,,,,,,,,,,,cause_delays_sum_mismatch
2021,7,ZW,Air Wisconsin Airlines Corp,AZO,"Kalamazoo, MI: Kalamazoo/Battle Creek International",2021,7,,,,,,,,,,,,,,,,cause_delays_sum_mismatch
2021,6,9E,Endeavor Air Inc.,MSY,"New Orleans, LA: Louis Armstrong New Orleans International",2021,6,,,,,,,,,,,,,,,,cause_delays_sum_mismatch
2021,6,PT,Piedmont Airlines,DCA,"Washington, DC: Ronald Reagan Washington National",2021,6,,,,,,,,,,,,,,,,cause_delays_sum_mismatch
2021,6,ZW,Air Wisconsin Airlines Corp,BDL,"Hartford, CT: Bradley International",2021,6,,,,,,,,,,,,,,,,cause_delays_sum_mismatch
2021,4,AA,American Airlines Network,CVG,"Cincinnati, OH: Cincinnati/Northern Kentucky International",2021,4,,,,,,,,,,,,,,,,cause_delays_sum_mismatch
2021,3,F9,Frontier Airlines,STL,"St. Louis, MO: St Louis Lambert International",2021,3,87.0,17.0,2.59,0.0,8.54,0.0,4.87,3.0,0.0,559.0,99.0,0.0,261.0,0.0,179.0,cause_delays_sum_mismatch
2021,3,YV,Mesa Airlines Inc.,DAY,"Dayton, OH: James M Cox/Dayton International",2021,3,,,,,,,,,,,,,,,,cause_delays_sum_mismatch
2021,3,YX,Republic Airline,MDT,"Harrisburg, PA: Harrisburg International",2021,3,,,,,,,,,,,,,,,,cause_delays_sum_mismatch
2021,3,YX,Republic Airline,TUL,"Tulsa, OK: Tulsa International",2021,3,,,,,,,,,,,,,,,,cause_delays_sum_mismatch
2021,2,DL,Delta Air Lines Network,CAE,"Columbia, SC: Columbia Metropolitan",2021,2,,,,,,,,,,,,,,,,cause_delays_sum_mismatch
2021,1,YV,Mesa Airlines Inc.,MOB,"Mobile, AL: Mobile Regional",2021,1,,,,,,,,,,,,,,,,cause_delays_sum_mismatch
2020,12,OO,SkyWest Airlines Inc.,BDL,"Hartford, CT: Bradley International",2020,12,,,,,,,,,,,,,,,,cause_delays_sum_mismatch
2020,12,OO,SkyWest Airlines Inc.,PWM,"Portland, ME: Portland International Jetport",2020,12,,,,,,,,,,,,,,,,cause_delays_sum_mismatch
2020,12,UA,United Air Lines Network,PNS,"Pensacola, FL: Pensacola International",2020,12,,,,,,,,,,,,,,,,cause_delays_sum_mismatch
2020,12,UA,United Air Lines Network,STL,"St. Louis, MO: St Louis Lambert International",2020,12,,,,,,,,,,,,,,,,cause_delays_sum_mismatch
2020,12,DL,Delta Air Lines Network,BIL,"Billings, MT: Billings Logan International",2020,12,,,,,,,,,,,,,,,,cause_delays_sum_mismatch
2020,12,DL,Delta Air Lines Network,CHA,"Chattanooga, TN: Lovell Field",2020,12,,,,,,,,,,,,,,,,cause_delays_sum_mismatch
2020,12,DL,Delta Air Lines Network,FAI,"Fairbanks, AK: Fairbanks International",2020,12,,,,,,,,,,,,,,,,cause_delays_sum_mismatch
2020,11,C5,"Commutair Aka Champlain Enterprises, Inc.",GSP,"Greer, SC: Greenville-Spartanburg International",2020,11,,,,,,,,,,,,,,,,cause_delays_sum_mismatch
2020,11,G7,GoJet Airlines LLC d/b/a United Express,LEX,"Lexington, KY: Blue Grass",2020,11,,,,,,,,,,,,,,,,cause_delays_sum_mismatch
2020,11,OO,SkyWest Airlines Inc.,ALB,"Albany, NY: Albany International",2020,11,,,,,,,,,,,,,,,,cause_delays_sum_mismatch
2020,11,OO,SkyWest Airlines Inc.,GPT,"Gulfport/Biloxi, MS: Gulfport-Biloxi International",2020,11,,,,,,,,,,,,,,,,cause_delays_sum_mismatch
2020,11,OO,SkyWest Airlines Inc.,GRK,"Killeen, TX: Robert Gray AAF",2020,11,,,,,,,,,,,,,,,,cause_delays_sum_mismatch
2020,11,OO,SkyWest Airlines Inc.,ROA,"Roanoke, VA: Roanoke Blacksburg Regional Woodrum Field",2020,11,,,,,,,,,,,,,,,,cause_delays_sum_mismatch
2020,11,OO,SkyWest Airlines Inc.,ROC,"Rochester, NY: Greater Rochester International",2020,11,,,,,,,,,,,,,,,,cause_delays_sum_mismatch
2020,11,YV,Mesa Airlines Inc.,BTV,"Burlington, VT: Burlington International",2020,11,,,,,,,,,,,,,,,,cause_delays_sum_mismatch
2020,11,YV,Mesa Airlines Inc.,LFT,"Lafayette, LA: Lafayette Regional Paul Fournet Field",2020,11,,,,,,,,,,,,,,,,cause_delays_sum_mismatch
2020,11,YV,Mesa Airlines Inc.,PVD,"Providence, RI: Theodore Francis Green State",2020,11,,,,,,,,,,,,,,,,cause_delays_sum_mismatch
2020,11,YX,Republic Airline,LNK,"Lincoln, NE: Lincoln Airport",2020,11,,,,,,,,,,,,,,,,cause_delays_sum_mismatch
2020,11,YX,Republic Airline,TVC,"Traverse City, MI: Cherry Capital",2020,11,,,,,,,,,,,,,,,,cause_delays_sum_mismatch
2020,10,9E,Endeavor Air Inc.,ORF,"Norfolk, VA: Norfolk International",2020,10,,,,,,,,,,,,,,,,cause_delays_sum_mismatch
2020,10,C5,"Commutair Aka Champlain Enterprises, Inc.",AVL,"Asheville, NC: Asheville Regional",2020,10,,,,,,,,,,,,,,,,cause_delays_sum_mismatch
2020,10,C5,"Commutair Aka Champlain Enterprises, Inc.",BGR,"Bangor, ME: Bangor International",2020,10,,,,,,,,,,,,,,,,cause_delays_sum_mismatch
2020,10,C5,"Commutair Aka Champlain Enterprises, Inc.",CHO,"Charlottesville, VA: Charlottesville Albemarle",2020,10,,,,,,,,,,,,,,,,cause_delays_sum_mismatch
2020,10,C5,"Commutair Aka Champlain Enterprises, Inc.",CHS,"Charleston, SC: Charleston AFB/International",2020,10,,,,,,,,,,,,,,,,cause_delays_sum_mismatch
2020,10,C5,"Commutair Aka Champlain Enterprises, Inc.",ILM,"Wilmington, NC: Wilmington International",2020,10,,,,,,,,,,,,,,,,cause_delays_sum_mismatch
2020,10,C5,"Commutair Aka Champlain Enterprises, Inc.",MDT,"Harrisburg, PA: Harrisburg International",2020,10,,,,,,,,,,,,,,,,cause_delays_sum_mismatch
2020,10,C5,"Commutair Aka Champlain Enterprises, Inc.",RIC,"Richmond, VA: Richmond International",2020,10,,,,,,,,,,,,,,,,cause_delays_sum_mismatch
2020,10,DL,Delta Air Lines Network,AGS,"Augusta, GA: Augusta Regional at Bush Field",2020,10,,,,,,,,,,,,,,,,cause_delays_sum_mismatch
2020,10,DL,Delta Air Lines Network,ATW,"Appleton, WI: Appleton International",2020,10,,,,,,,,,,,,,,,,cause_delays_sum_mismatch
2020,10,DL,Delta Air Lines Network,AVL,"Asheville, NC: Asheville Regional",2020,10,,,,,,,,,,,,,,,,cause_delays_sum_mismatch
2020,10,DL,Delta Air Lines Network,BUR,"Burbank, CA: Bob Hope",2020,10,,,,,,,,,,,,,,,,cause_delays_sum_mismatch
2020,10,DL,Delta Air Lines Network,LEX,"Lexington, KY: Blue Grass",2020,10,,,,,,,,,,,,,,,,cause_delays_sum_mismatch
2020,10,DL,Delta Air Lines Network,LGB,"Long Beach, CA: Long Beach Airport",2020,10,,,,,,,,,,,,,,,,cause_delays_sum_mismatch
2020,10,DL,Delta Air Lines Network,OAK,"Oakland, CA: Metropolitan Oakland International",2020,10,,,,,,,,,,,,,,,,cause_delays_sum_mismatch
2020,10,G7,GoJet Airlines LLC d/b/a United Express,GSP,"Greer, SC: Greenville-Spartanburg International",2020,10,,,,,,,,,,,,,,,,cause_delays_sum_mismatch
2020,10,OO,SkyWest Airlines Inc.,BOS,"Boston, MA: Logan International",2020,10,,,,,,,,,,,,,,,,cause_delays_sum_mismatch
2020,10,OO,SkyWest Airlines Inc.,CRW,"Charleston/Dunbar, WV: Yeager",2020,10,,,,,,,,,,,,,,,,cause_delays_sum_mismatch
2020,10,OO,SkyWest Airlines Inc.,DCA,"Washington, DC: Ronald Reagan Washington National",2020,10,,,,,,,,,,,,,,,,cause_delays_sum_mismatch
2020,10,OO,SkyWest Airlines Inc.,ECP,"Panama City, FL: Northwest Florida Beaches International",2020,10,,,,,,,,,,,,,,,,cause_delays_sum_mismatch
2020,10,OO,SkyWest Airlines Inc.,JAN,"Jackson/Vicksburg, MS: Jackson Medgar Wiley Evers International",2020,10,,,,,,,,,,,,,,,,cause_delays_sum_mismatch
2020,10,OO,SkyWest Airlines Inc.,MBS,"Saginaw/Bay City/Midland, MI: MBS International",2020,10,,,,,,,,,,,,,,,,cause_delays_sum_mismatch
2020,10,OO,SkyWest Airlines Inc.,PVD,"Providence, RI: Theodore Francis Green State",2020,10,,,,,,,,,,,,,,,,cause_delays_sum_mismatch
2020,10,OO,SkyWest Airlines Inc.,SPI,"Springfield, IL: Abraham Lincoln Capital",2020,10,,,,,,,,,,,,,,,,cause_delays_sum_mismatch
2020,10,OO,SkyWest Airlines Inc.,SYR,"Syracuse, NY: Syracuse Hancock International",2020,10,,,,,,,,,,,,,,,,cause_delays_sum_mismatch
2020,10,YV,Mesa Airlines Inc.,BTR,"Baton Rouge, LA: Baton Rouge Metropolitan/Ryan Field",2020,10,,,,,,,,,,,,,,,,cause_delays_sum_mismatch
2020,10,YV,Mesa Airlines Inc.,FLL,"Fort Lauderdale, FL: Fort Lauderdale-Hollywood International",2020,10,,,,,,,,,,,,,,,,cause_delays_sum_mismatch
2020,10,YV,Mesa Airlines Inc.,RSW,"Fort Myers, FL: Southwest Florida International",2020,10,,,,,,,,,,,,,,,,cause_delays_sum_mismatch
2020,10,YV,Mesa Airlines Inc.,TPA,"Tampa, FL: Tampa International",2020,10,,,,,,,,,,,,,,,,cause_delays_sum_mismatch
2020,10,ZW,Air Wisconsin Airlines Corp,FAR,"Fargo, ND: Hector International",2020,10,,,,,,,,,,,,,,,,cause_delays_sum_mismatch
2020,10,ZW,Air Wisconsin Airlines Corp,LNK,"Lincoln, NE: Lincoln Airport",2020,10,,,,,,,,,,,,,,,,cause_delays_sum_mismatch
2020,10,ZW,Air Wisconsin Airlines Corp,MBS,"Saginaw/Bay City/Midland, MI: MBS International",2020,10,,,,,,,,,,,,,,,,cause_delays_sum_mismatch
2020,9,EV,ExpressJet Airlines LLC,AMA,"Amarillo, TX: Rick Husband Amarillo International",2020,9,,,,,,,,,,,,,,,,cause_delays_sum_mismatch
2020,9,UA,United Air Lines Network,SBA,"Santa Barbara, CA: Santa Barbara Municipal",2020,9,,,,,,,,,,,,,,,,cause_delays_sum_mismatch
2020,8,DL,Delta Air Lines Network,SEA,"Seattle, WA: Seattle/Tacoma International",2020,8,1842.0,127.0,52.19,6.54,37.79,1.0,28.48,6.0,1.0,7690.0,4059.0,269.0,1203.0,21.0,1629.0,cause_delays_sum_mismatch
2020,8,9E,Endeavor Air Inc.,MCI,"Kansas City, MO: Kansas City International",2020,8,,,,,,,,,,,,,,,,cause_delays_sum_mismatch
2020,7,AS,Alaska Airlines Network,TUS,"Tucson, AZ: Tucson International",2020,7,,,,,,,,,,,,,,,,cause_delays_sum_mismatch
2020,7,OO,SkyWest Airlines Inc.,GSO,"Greensboro/High Point, NC: Piedmont Triad International",2020,7,,,,,,,,,,,,,,,,cause_delays_sum_mismatch
2020,7,YV,Mesa Airlines Inc.,BFL,"Bakersfield, CA: Meadows Field",2020,7,,,,,,,,,,,,,,,,cause_delays_sum_mismatch
2020,7,YV,Mesa Airlines Inc.,MKE,"Milwaukee, WI: General Mitchell International",2020,7,,,,,,,,,,,,,,,,cause_delays_sum_mismatch
2020,7,YV,Mesa Airlines Inc.,TYS,"Knoxville, TN: McGhee Tyson",2020,7,,,,,,,,,,,,,,,,cause_delays_sum_mismatch
2020,6,YV,Mesa Airlines Inc.,CHA,"Chattanooga, TN: Lovell Field",2020,6,,,,,,,,,,,,,,,,cause_delays_sum_mismatch
2020,6,YV,Mesa Airlines Inc.,ILM,"Wilmington, NC: Wilmington International",2020,6,,,,,,,,,,,,,,,,cause_delays_sum_mismatch
2020,6,YV,Mesa Airlines Inc.,MLI,"Moline, IL: Quad City International",2020,6,,,,,,,,,,,,,,,,cause_delays_sum_mismatch
2020,6,YV,Mesa Airlines Inc.,PIA,"Peoria, IL: General Downing - Peoria International",2020,6,,,,,,,,,,,,,,,,cause_delays_sum_mismatch
2020,5,DL,Delta Air Lines Network,AVL,"Asheville, NC: Asheville Regional",2020,5,,,,,,,,,,,,,,,,cause_delays_sum_mismatch
2020,5,DL,Delta Air Lines Network,LEX,"Lexington, KY: Blue Grass",2020,5,,,,,,,,,,,,,,,,cause_delays_sum_mismatch
2020,5,EV,ExpressJet Airlines LLC,MSY,"New Orleans, LA: Louis Armstrong New Orleans International",2020,5,,,,,,,,,,,,,,,,cause_delays_sum_mismatch
2020,5,EV,ExpressJet Airlines LLC,PVD,"Providence, RI: Theodore Francis Green State",2020,5,,,,,,,,,,,,,,,,cause_delays_sum_mismatch
2020,5,EV,ExpressJet Airlines LLC,PWM,"Portland, ME: Portland International Jetport",2020,5,,,,,,,,,,,,,,,,cause_delays_sum_mismatch
2020,5,YX,Republic Airline,CLE,"Cleveland, OH: Cleveland-Hopkins International",2020,5,,,,,,,,,,,,,,,,cause_delays_sum_mismatch
2020,4,OO,SkyWest Airlines Inc.,SCK,"Stockton, CA: Stockton Metropolitan",2020,4,,,,,,,,,,,,,,,,cause_delays_sum_mismatch
2020,4,UA,United Air Lines Network,CLT,"Charlotte, NC: Charlotte Douglas International",2020,4,,,,,,,,,,,,,,,,cause_delays_sum_mismatch
2020,4,UA,United Air Lines Network,DLH,"Duluth, MN: Duluth International",2020,4,,,,,,,,,,,,,,,,cause_delays_sum_mismatch
2020,4,UA,United Air Lines Network,MAF,"Midland/Odessa, TX: Midland International Air and Space Port",2020,4,,,,,,,,,,,,,,,,cause_delays_sum_mismatch
2020,4,YV,Mesa Airlines Inc.,IND,"Indianapolis, IN: Indianapolis International",2020,4,,,,,,,,,,,,,,,,cause_delays_sum_mismatch
2020,4,YV,Mesa Airlines Inc.,MSY,"New Orleans, LA: Louis Armstrong New Orleans International",2020,4,,,,,,,,,,,,,,,,cause_delays_sum_mismatch
2020,4,YX,Republic Airline,BHM,"Birmingham, AL: Birmingham-Shuttlesworth International",2020,4,,,,,,,,,,,,,,,,cause_delays_sum_mismatch
2020,4,YX,Republic Airline,HRL,"Harlingen/San Benito, TX: Valley International",2020,4,,,,,,,,,,,,,,,,cause_delays_sum_mismatch
2020,4,YX,Republic Airline,LFT,"Lafayette, LA: Lafayette Regional Paul Fournet Field",2020,4,,,,,,,,,,,,,,,,cause_delays_sum_mismatch
2020,4,ZW,Air Wisconsin Airlines Corp,AVL,"Asheville, NC: Asheville Regional",2020,4,,,,,,,,,,,,,,,,cause_delays_sum_mismatch
2020,4,ZW,Air Wisconsin Airlines Corp,AZO,"Kalamazoo, MI: Kalamazoo/Battle Creek International",2020,4,,,,,,,,,,,,,,,,cause_delays_sum_mismatch
2020,4,ZW,Air Wisconsin Airlines Corp,BUF,"Buffalo, NY: Buffalo Niagara International",2020,4,,,,,,,,,,,,,,,,cause_delays_sum_mismatch
2020,4,ZW,Air Wisconsin Airlines Corp,CVG,"Cincinnati, OH: Cincinnati/Northern Kentucky International",2020,4,,,,,,,,,,,,,,,,cause_delays_sum_mismatch
2020,4,ZW,Air Wisconsin Airlines Corp,ITH,"Ithaca/Cortland, NY: Ithaca Tompkins Regional",2020,4,,,,,,,,,,,,,,,,cause_delays_sum_mismatch
2020,4,ZW,Air Wisconsin Airlines Corp,MHT,"Manchester, NH: Manchester-Boston Regional",2020,4,,,,,,,,,,,,,,,,cause_delays_sum_mismatch
2020,4,ZW,Air Wisconsin Airlines Corp,PVD,"Providence, RI: Theodore Francis Green State",2020,4,,,,,,,,,,,,,,,,cause_delays_sum_mismatch
2020,4,ZW,Air Wisconsin Airlines Corp,SYR,"Syracuse, NY: Syracuse Hancock International",2020,4,,,,,,,,,,,,,,,,cause_delays_sum_mismatch
2020,4,9E,Endeavor Air Inc.,CAE,"Columbia, SC: Columbia Metropolitan",2020,4,,,,,,,,,,,,,,,,cause_delays_sum_mismatch
2020,4,9E,Endeavor Air Inc.,JAX,"Jacksonville, FL: Jacksonville International",2020,4,,,,,,,,,,,,,,,,cause_delays_sum_mismatch
2020,4,9E,Endeavor Air Inc.,LAN,"Lansing, MI: Capital Region International",2020,4,,,,,,,,,,,,,,,,cause_delays_sum_mismatch
2020,4,AX,Trans States Airlines,AMA,"Amarillo, TX: Rick Husband Amarillo International",2020,4,,,,,,,,,,,,,,,,cause_delays_sum_mismatch
2020,4,AX,Trans States Airlines,BIS,"Bismarck/Mandan, ND: Bismarck Municipal",2020,4,,,,,,,,,,,,,,,,cause_delays_sum_mismatch
2020,4,AX,Trans States Airlines,COD,"Cody, WY: Yellowstone Regional",2020,4,,,,,,,,,,,,,,,,cause_delays_sum_mismatch
2020,4,AX,Trans States Airlines,CPR,"Casper, WY: Casper/Natrona County International",2020,4,,,,,,,,,,,,,,,,cause_delays_sum_mismatch
2020,4,AX,Trans States Airlines,DIK,"Dickinson, ND: Dickinson - Theodore Roosevelt Regional",2020,4,,,,,,,,,,,,,,,,cause_delays_sum_mismatch
2020,4,AX,Trans States Airlines,DRO,"Durango, CO: Durango La Plata County",2020,4,,,,,,,,,,,,,,,,cause_delays_sum_mismatch
2020,4,AX,Trans States Airlines,ELP,"El Paso, TX: El Paso International",2020,4,,,,,,,,,,,,,,,,cause_delays_sum_mismatch
2020,4,AX,Trans States Airlines,FCA,"Kalispell, MT: Glacier Park International",2020,4,,,,,,,,,,,,,,,,cause_delays_sum_mismatch
2020,4,AX,Trans States Airlines,FLG,"Flagstaff, AZ: Flagstaff Pulliam",2020,4,,,,,,,,,,,,,,,,cause_delays_sum_mismatch
2020,4,AX,Trans States Airlines,HDN,"Hayden, CO: Yampa Valley",2020,4,,,,,,,,,,,,,,,,cause_delays_sum_mismatch
2020,4,AX,Trans States Airlines,HLN,"Helena, MT: Helena Regional",2020,4,,,,,,,,,,,,,,,,cause_delays_sum_mismatch
2020,4,AX,Trans States Airlines,ICT,"Wichita, KS: Wichita Dwight D Eisenhower National",2020,4,,,,,,,,,,,,,,,,cause_delays_sum_mismatch
2020,4,AX,Trans States Airlines,IDA,"Idaho Falls, ID: Idaho Falls Regional",2020,4,,,,,,,,,,,,,,,,cause_delays_sum_mismatch
2020,4,AX,Trans States Airlines,LIT,"Little Rock, AR: Bill and Hillary Clinton Nat Adams Field",2020,4,,,,,,,,,,,,,,,,cause_delays_sum_mismatch
2020,4,AX,Trans States Airlines,LNK,"Lincoln, NE: Lincoln Airport",2020,4,,,,,,,,,,,,,,,,cause_delays_sum_mismatch
2020,4,AX,Trans States Airlines,MLI,"Moline, IL: Quad City International",2020,4,,,,,,,,,,,,,,,,cause_delays_sum_mismatch
2020,4,AX,Trans States Airlines,MTJ,"Montrose/Delta, CO: Montrose Regional",2020,4,,,,,,,,,,,,,,,,cause_delays_sum_mismatch
2020,4,AX,Trans States Airlines,SAF,"Santa Fe, NM: Santa Fe Municipal",2020,4,,,,,,,,,,,,,,,,cause_delays_sum_mismatch
2020,4,AX,Trans States Airlines,SCE,"State College, PA: University Park",2020,4,,,,,,,,,,,,,,,,cause_delays_sum_mismatch
2020,4,AX,Trans States Airlines,SDF,"Louisville, KY: Louisville Muhammad Ali International",2020,4,,,,,,,,,,,,,,,,cause_delays_sum_mismatch
2020,4,AX,Trans States Airlines,SGF,"Springfield, MO: Springfield-Branson National",2020,4,,,,,,,,,,,,,,,,cause_delays_sum_mismatch
2020,4,AX,Trans States Airlines,TUL,"Tulsa, OK: Tulsa International",2020,4,,,,,,,,,,,,,,,,cause_delays_sum_mismatch
2020,4,AX,Trans States Airlines,XWA,"Williston, ND: Williston Basin International",2020,4,,,,,,,,,,,,,,,,cause_delays_sum_mismatch
2020,4,C5,"Commutair Aka Champlain Enterprises, Inc.",MSN,"Madison, WI: Dane County Regional-Truax Field",2020,4,,,,,,,,,,,,,,,,cause_delays_sum_mismatch
2020,4,C5,"Commutair Aka Champlain Enterprises, Inc.",RIC,"Richmond, VA: Richmond International",2020,4,,,,,,,,,,,,,,,,cause_delays_sum_mismatch
2020,4,C5,"Commutair Aka Champlain Enterprises, Inc.",STL,"St. Louis, MO: St Louis Lambert International",2020,4,,,,,,,,,,,,,,,,cause_delays_sum_mismatch
2020,4,DL,Delta Air Lines Network,ABE,"Allentown/Bethlehem/Easton, PA: Lehigh Valley International",2020,4,,,,,,,,,,,,,,,,cause_delays_sum_mismatch
2020,4,DL,Delta Air Lines Network,BIS,"Bismarck/Mandan, ND: Bismarck Municipal",2020,4,,,,,,,,,,,,,,,,cause_delays_sum_mismatch
2020,4,DL,Delta Air Lines Network,CID,"Cedar Rapids/Iowa City, IA: The Eastern Iowa",2020,4,,,,,,,,,,,,,,,,cause_delays_sum_mismatch
2020,4,DL,Delta Air Lines Network,CRW,"Charleston/Dunbar, WV: Yeager",2020,4,,,,,,,,,,,,,,,,cause_delays_sum_mismatch
2020,4,DL,Delta Air Lines Network,FAR,"Fargo, ND: Hector International",2020,4,,,,,,,,,,,,,,,,cause_delays_sum_mismatch
2020,4,DL,Delta Air Lines Network,FAY,"Fayetteville, NC: Fayetteville Regional/Grannis Field",2020,4,,,,,,,,,,,,,,,,cause_delays_sum_mismatch
2020,4,DL,Delta Air Lines Network,FCA,"Kalispell, MT: Glacier Park International",2020,4,,,,,,,,,,,,,,,,cause_delays_sum_mismatch
2020,4,DL,Delta Air Lines Network,GRB,"Green Bay, WI: Green Bay Austin Straubel International",2020,4,,,,,,,,,,,,,,,,cause_delays_sum_mismatch
2020,4,DL,Delta Air Lines Network,ILM,"Wilmington, NC: Wilmington International",2020,4,,,,,,,,,,,,,,,,cause_delays_sum_mismatch
2020,4,DL,Delta Air Lines Network,MHT,"Manchester, NH: Manchester-Boston Regional",2020,4,,,,,,,,,,,,,,,,cause_delays_sum_mismatch
2020,4,DL,Delta Air Lines Network,MOB,"Mobile, AL: Mobile Regional",2020,4,,,,,,,,,,,,,,,,cause_delays_sum_mismatch
2020,4,DL,Delta Air Lines Network,RAP,"Rapid City, SD: Rapid City Regional",2020,4,,,,,,,,,,,,,,,,cause_delays_sum_mismatch
2020,4,DL,Delta Air Lines Network,XNA,"Fayetteville, AR: Northwest Arkansas Regional",2020,4,,,,,,,,,,,,,,,,cause_delays_sum_mismatch
2020,4,EV,ExpressJet Airlines LLC,BTR,"Baton Rouge, LA: Baton Rouge Metropolitan/Ryan Field",2020,4,,,,,,,,,,,,,,,,cause_delays_sum_mismatch
2020,4,EV,ExpressJet Airlines LLC,CHA,"Chattanooga, TN: Lovell Field",2020,4,,,,,,,,,,,,,,,,cause_delays_sum_mismatch
2020,4,EV,ExpressJet Airlines LLC,OMA,"Omaha, NE: Eppley Airfield",2020,4,,,,,,,,,,,,,,,,cause_delays_sum_mismatch
2020,4,G7,GoJet Airlines LLC d/b/a United Express,DSM,"Des Moines, IA: Des Moines International",2020,4,,,,,,,,,,,,,,,,cause_delays_sum_mismatch
2020,4,G7,GoJet Airlines LLC d/b/a United Express,ICT,"Wichita, KS: Wichita Dwight D Eisenhower National",2020,4,,,,,,,,,,,,,,,,cause_delays_sum_mismatch
2020,4,MQ,Envoy Air,JFK,"New York, NY: John F. Kennedy International",2020,4,,,,,,,,,,,,,,,,cause_delays_sum_mismatch
2020,3,G7,GoJet Airlines LLC d/b/a United Express,TVC,"Traverse City, MI: Cherry Capital",2020,3,,,,,,,,,,,,,,,,cause_delays_sum_mismatch
2020,3,YV,Mesa Airlines Inc.,HRL,"Harlingen/San Benito, TX: Valley International",2020,3,,,,,,,,,,,,,,,,cause_delays_sum_mismatch
2020,3,EV,ExpressJet Airlines LLC,HPN,"White Plains, NY: Westchester County",2020,3,,,,,,,,,,,,,,,,cause_delays_sum_mismatch
2020,2,9E,Endeavor Air Inc.,ALB,"Albany, NY: Albany International",2020,2,,,,,,,,,,,,,,,,cause_delays_sum_mismatch
2020,1,EV,ExpressJet Airlines LLC,CRW,"Charleston/Dunbar, WV: Yeager",2020,1,,,,,,,,,,,,,,,,cause_delays_sum_mismatch
2020,1,OH,PSA Airlines Inc.,TOL,"Toledo, OH: Toledo Express",2020,1,,,,,,,,,,,,,,,,cause_delays_sum_mismatch
2020,1,OO,SkyWest Airlines Inc.,COD,"Cody, WY: Yellowstone Regional",2020,1,,,,,,,,,,,,,,,,cause_delays_sum_mismatch
2019,12,OO,SkyWest Airlines Inc.,MLB,"Melbourne, FL: Melbourne Orlando International",2019,12,,,,,,,,,,,,,,,,cause_delays_sum_mismatch
2019,10,9E,Endeavor Air Inc.,CRW,"Charleston/Dunbar, WV: Yeager",2019,10,,,,,,,,,,,,,,,,cause_delays_sum_mismatch
2019,10,CP,Compass Airlines,MCI,"Kansas City, MO: Kansas City International",2019,10,,,,,,,,,,,,,,,,cause_delays_sum_mismatch
2019,10,DL,Delta Air Lines Network,PSC,"Pasco/Kennewick/Richland, WA: Tri Cities",2019,10,,,,,,,,,,,,,,,,cause_delays_sum_mismatch
2019,9,C5,"Commutair Aka Champlain Enterprises, Inc.",SCE,"State College, PA: University Park",2019,9,,,,,,,,,,,,,,,,cause_delays_sum_mismatch
2019,9,DL,Delta Air Lines Network,TVC,"Traverse City, MI: Cherry Capital",2019,9,,,,,,,,,,,,,,,,cause_delays_sum_mismatch
2019,9,EV,ExpressJet Airlines LLC,AVL,"Asheville, NC: Asheville Regional",2019,9,,,,,,,,,,,,,,,,cause_delays_sum_mismatch
2019,9,EV,ExpressJet Airlines LLC,ERI,"Erie, PA: Erie International/Tom Ridge Field",2019,9,,,,,,,,,,,,,,,,cause_delays_sum_mismatch
2019,9,G7,GoJet Airlines LLC d/b/a United Express,EGE,"Eagle, CO: Eagle County Regional",2019,9,,,,,,,,,,,,,,,,cause_delays_sum_mismatch
2019,9,PT,Piedmont Airlines,CHA,"Chattanooga, TN: Lovell Field",2019,9,,,,,,,,,,,,,,,,cause_delays_sum_mismatch
2019,8,C5,"Commutair Aka Champlain Enterprises, Inc.",ILM,"Wilmington, NC: Wilmington International",2019,8,,,,,,,,,,,,,,,,cause_delays_sum_mismatch
2019,6,9E,Endeavor Air Inc.,FAR,"Fargo, ND: Hector International",2019,6,,,,,,,,,,,,,,,,cause_delays_sum_mismatch
2019,6,9E,Endeavor Air Inc.,MDW,"Chicago, IL: Chicago Midway International",2019,6,,,,,,,,,,,,,,,,cause_delays_sum_mismatch
2019,5,9E,Endeavor Air Inc.,CHS,"Charleston, SC: Charleston AFB/International",2019,5,,,,,,,,,,,,,,,,cause_delays_sum_mismatch
2019,5,9E,Endeavor Air Inc.,OMA,"Omaha, NE: Eppley Airfield",2019,5,,,,,,,,,,,,,,,,cause_delays_sum_mismatch
2019,5,CP,Compass Airlines,STL,"St. Louis, MO: St Louis Lambert International",2019,5,,,,,,,,,,,,,,,,cause_delays_sum_mismatch
2019,5,G7,GoJet Airlines LLC d/b/a United Express,ORF,"Norfolk, VA: Norfolk International",2019,5,,,,,,,,,,,,,,,,cause_delays_sum_mismatch
2019,5,G7,GoJet Airlines LLC d/b/a United Express,ROA,"Roanoke, VA: Roanoke Blacksburg Regional Woodrum Field",2019,5,,,,,,,,,,,,,,,,cause_delays_sum_mismatch
2019,5,OO,SkyWest Airlines Inc.,MHT,"Manchester, NH: Manchester-Boston Regional",2019,5,,,,,,,,,,,,,,,,cause_delays_sum_mismatch
2019,5,ZW,Air Wisconsin Airlines Corp,ICT,"Wichita, KS: Wichita Dwight D Eisenhower National",2019,5,,,,,,,,,,,,,,,,cause_delays_sum_mismatch
2019,4,YX,Republic Airline,HOU,"Houston, TX: William P Hobby",2019,4,,,,,,,,,,,,,,,,cause_delays_sum_mismatch
2019,4,ZW,Air Wisconsin Airlines Corp,CLE,"Cleveland, OH: Cleveland-Hopkins International",2019,4,,,,,,,,,,,,,,,,cause_delays_sum_mismatch
2019,4,9E,Endeavor Air Inc.,TRI,"Bristol/Johnson City/Kingsport, TN: Tri Cities",2019,4,,,,,,,,,,,,,,,,cause_delays_sum_mismatch
2019,4,EV,ExpressJet Airlines LLC,LNK,"Lincoln, NE: Lincoln Airport",2019,4,,,,,,,,,,,,,,,,cause_delays_sum_mismatch
2019,3,9E,Endeavor Air Inc.,BQK,"Brunswick, GA: Brunswick Golden Isles",2019,3,,,,,,,,,,,,,,,,cause_delays_sum_mismatch
2019,2,ZW,Air Wisconsin Airlines Corp,MEM,"Memphis, TN: Memphis International",2019,2,,,,,,,,,,,,,,,,cause_delays_sum_mismatch
2019,1,9E,Endeavor Air Inc.,RAP,"Rapid City, SD: Rapid City Regional",2019,1,,,,,,,,,,,,,,,,cause_delays_sum_mismatch
2019,1,UA,United Air Lines Network,MKE,"Milwaukee, WI: General Mitchell International",2019,1,,,,,,,,,,,,,,,,cause_delays_sum_mismatch
2019,1,YV,Mesa Airlines Inc.,MDT,"Harrisburg, PA: Harrisburg International",2019,1,,,,,,,,,,,,,,,,cause_delays_sum_mismatch
2019,1,OO,SkyWest Airlines Inc.,BMI,"Bloomington/Normal, IL: Central Il Regional Airport at Bloomington",2019,1,,,,,,,,,,,,,,,,cause_delays_sum_mismatch
2018,12,EV,ExpressJet Airlines Inc.,LNK,"Lincoln, NE: Lincoln Airport",2018,12,,,,,,,,,,,,,,,,cause_delays_sum_mismatch
2018,11,OH,PSA Airlines Inc.,ROA,"Roanoke, VA: Roanoke Blacksburg Regional",2018,11,,,,,,,,,,,,,,,,cause_delays_sum_mismatch
2018,10,9E,Endeavor Air Inc.,ABY,"Albany, GA: Southwest Georgia Regional",2018,10,,,,,,,,,,,,,,,,cause_delays_sum_mismatch
2018,10,9E,Endeavor Air Inc.,BQK,"Brunswick, GA: Brunswick Golden Isles",2018,10,,,,,,,,,,,,,,,,cause_delays_sum_mismatch
2018,10,9E,Endeavor Air Inc.,VLD,"Valdosta, GA: Valdosta Regional",2018,10,,,,,,,,,,,,,,,,cause_delays_sum_mismatch
2018,10,G7,GoJet Airlines LLC d/b/a United Express,IAH,"Houston, TX: George Bush Intercontinental/Houston",2018,10,,,,,,,,,,,,,,,,cause_delays_sum_mismatch
2018,10,OO,SkyWest Airlines Inc.,EWN,"New Bern/Morehead/Beaufort, NC: Coastal Carolina Regional",2018,10,,,,,,,,,,,,,,,,cause_delays_sum_mismatch
2018,10,OO,SkyWest Airlines Inc.,FSM,"Fort Smith, AR: Fort Smith Regional",2018,10,,,,,,,,,,,,,,,,cause_delays_sum_mismatch
2018,10,OO,SkyWest Airlines Inc.,MFE,"Mission/McAllen/Edinburg, TX: McAllen Miller International",2018,10,,,,,,,,,,,,,,,,cause_delays_sum_mismatch
2018,9,CP,Compass Airlines,IDA,"Idaho Falls, ID: Idaho Falls Regional",2018,9,,,,,,,,,,,,,,,,cause_delays_sum_mismatch
2018,9,G7,GoJet Airlines LLC d/b/a United Express,SAV,"Savannah, GA: Savannah/Hilton Head International",2018,9,,,,,,,,,,,,,,,,cause_delays_sum_mismatch
2018,9,OO,SkyWest Airlines Inc.,ABY,"Albany, GA: Southwest Georgia Regional",2018,9,,,,,,,,,,,,,,,,cause_delays_sum_mismatch
2018,8,MQ,Envoy Air,BRO,"Brownsville, TX: Brownsville South Padre Island International",2018,8,,,,,,,,,,,,,,,,cause_delays_sum_mismatch
2018,7,9E,Endeavor Air Inc.,MQT,"Marquette, MI: Sawyer International",2018,7,,,,,,,,,,,,,,,,cause_delays_sum_mismatch
2018,7,G4,Allegiant Air,BHM,"Birmingham, AL: Birmingham-Shuttlesworth International",2018,7,,,,,,,,,,,,,,,,cause_delays_sum_mismatch
2018,6,EV,ExpressJet Airlines Inc.,CHO,"Charlottesville, VA: Charlottesville Albemarle",2018,6,,,,,,,,,,,,,,,,cause_delays_sum_mismatch
2018,4,DL,Delta Air Lines Network,MTJ,"Montrose/Delta, CO: Montrose Regional",2018,4,,,,,,,,,,,,,,,,cause_delays_sum_mismatch
2018,4,G7,GoJet Airlines LLC d/b/a United Express,GSO,"Greensboro/High Point, NC: Piedmont Triad International",2018,4,,,,,,,,,,,,,,,,cause_delays_sum_mismatch
2018,4,QX,Horizon Air,DTW,"Detroit, MI: Detroit Metro Wayne County",2018,4,,,,,,,,,,,,,,,,cause_delays_sum_mismatch
2018,4,QX,Horizon Air,HNL,"Honolulu, HI: Daniel K Inouye International",2018,4,,,,,,,,,,,,,,,,cause_delays_sum_mismatch
2018,3,9E,Endeavor Air Inc.,CAK,"Akron, OH: Akron-Canton Regional",2018,3,,,,,,,,,,,,,,,,cause_delays_sum_mismatch
2018,3,9E,Endeavor Air Inc.,GRB,"Green Bay, WI: Green Bay Austin Straubel International",2018,3,,,,,,,,,,,,,,,,cause_delays_sum_mismatch
2018,3,9E,Endeavor Air Inc.,LNK,"Lincoln, NE: Lincoln Airport",2018,3,,,,,,,,,,,,,,,,cause_delays_sum_mismatch
2018,3,YV,Mesa Airlines Inc.,PWM,"Portland, ME: Portland International Jetport",2018,3,,,,,,,,,,,,,,,,cause_delays_sum_mismatch
2018,2,9E,Endeavor Air Inc.,AVP,"Scranton/Wilkes-Barre, PA: Wilkes Barre Scranton International",2018,2,,,,,,,,,,,,,,,,cause_delays_sum_mismatch
2018,1,EV,ExpressJet Airlines Inc.,MDT,"Harrisburg, PA: Harrisburg International",2018,1,,,,,,,,,,,,,,,,cause_delays_sum_mismatch
2018,1,MQ,Envoy Air,BDL,"Hartford, CT: Bradley International",2018,1,,,,,,,,,,,,,,,,cause_delays_sum_mismatch
2018,1,YX,Republic Airline,LIT,"Little Rock, AR: Bill and Hillary Clinton Nat Adams Field",2018,1,,,,,,,,,,,,,,,,cause_delays_sum_mismatch
2017,12,EV,ExpressJet Airlines Inc.,ABI,"Abilene, TX: Abilene Regional",2017,12,,,,,,,,,,,,,,,,cause_delays_sum_mismatch
2017,11,OO,SkyWest Airlines Inc.,PWM,"Portland, ME: Portland International Jetport",2017,11,,,,,,,,,,,,,,,,cause_delays_sum_mismatch
2017,10,EV,ExpressJet Airlines Inc.,ALB,"Albany, NY: Albany International",2017,10,,,,,,,,,,,,,,,,cause_delays_sum_mismatch
2017,9,DL,Delta Air Lines Inc.,JNU,"Juneau, AK: Juneau International",2017,9,,,,,,,,,,,,,,,,cause_delays_sum_mismatch
2017,9,OO,SkyWest Airlines Inc.,SIT,"Sitka, AK: Sitka Rocky Gutierrez",2017,9,,,,,,,,,,,,,,,,cause_delays_sum_mismatch
2017,8,F9,Frontier Airlines Inc.,TTN,"Trenton, NJ: Trenton Mercer",2017,8,187.0,44.0,6.48,0.06,21.9,0.0,14.56,5.0,2.0,4044.0,682.0,6.0,1401.0,0.0,1761.0,cause_delays_sum_mismatch
2017,7,EV,ExpressJet Airlines Inc.,GUC,"Gunnison, CO: Gunnison-Crested Butte Regional",2017,7,,,,,,,,,,,,,,,,cause_delays_sum_mismatch
2017,6,EV,ExpressJet Airlines Inc.,GTR,"Columbus, MS: Golden Triangle Regional",2017,6,,,,,,,,,,,,,,,,cause_delays_sum_mismatch
2017,5,DL,Delta Air Lines Inc.,BIS,"Bismarck/Mandan, ND: Bismarck Municipal",2017,5,,,,,,,,,,,,,,,,cause_delays_sum_mismatch
2017,4,DL,Delta Air Lines Inc.,BMI,"Bloomington/Normal, IL: Central Il Regional Airport at Bloomington",2017,4,,,,,,,,,,,,,,,,cause_delays_sum_mismatch
2017,1,EV,ExpressJet Airlines Inc.,TKI,"Tokeen, AK: Tokeen Airport",2017,1,,,,,,,,,,,,,,,,cause_delays_sum_mismatch
2016,12,VX,Virgin America,ONT,"Ontario, CA: Ontario International",2016,12,,,,,,,,,,,,,,,,cause_delays_sum_mismatch
2016,11,OO,SkyWest Airlines Inc.,ENV,"Wendover, UT: Wendover Airport",2016,11,,,,,,,,,,,,,,,,cause_delays_sum_mismatch
2016,11,EV,ExpressJet Airlines Inc.,MIA,"Miami, FL: Miami International",2016,11,,,,,,,,,,,,,,,,cause_delays_sum_mismatch
2016,10,DL,Delta Air Lines Inc.,BGR,"Bangor, ME: Bangor International",2016,10,,,,,,,,,,,,,,,,cause_delays_sum_mismatch
2016,10,DL,Delta Air Lines Inc.,MSO,"Missoula, MT: Missoula International",2016,10,,,,,,,,,,,,,,,,cause_delays_sum_mismatch
2016,10,OO,SkyWest Airlines Inc.,HSV,"Huntsville, AL: Huntsville International-Carl T Jones Field",2016,10,,,,,,,,,,,,,,,,cause_delays_sum_mismatch
2016,9,DL,Delta Air Lines Inc.,JNU,"Juneau, AK: Juneau International",2016,9,,,,,,,,,,,,,,,,cause_delays_sum_mismatch
2016,9,EV,ExpressJet Airlines Inc.,FLL,"Fort Lauderdale, FL: Fort Lauderdale-Hollywood International",2016,9,,,,,,,,,,,,,,,,cause_delays_sum_mismatch
2016,9,OO,SkyWest Airlines Inc.,SIT,"Sitka, AK: Sitka Rocky Gutierrez",2016,9,,,,,,,,,,,,,,,,cause_delays_sum_mismatch
2016,8,EV,ExpressJet Airlines Inc.,ISN,"Williston, ND: Sloulin Field International",2016,8,,,,,,,,,,,,,,,,cause_delays_sum_mismatch
2016,8,EV,ExpressJet Airlines Inc.,EFD,"Houston, TX: Ellington",2016,8,,,,,,,,,,,,,,,,cause_delays_sum_mismatch
2016,7,OO,SkyWest Airlines Inc.,PVD,"Providence, RI: Theodore Francis Green State",2016,7,,,,,,,,,,,,,,,,cause_delays_sum_mismatch
2016,7,UA,United Air Lines Inc.,JAX,"Jacksonville, FL: Jacksonville International",2016,7,,,,,,,,,,,,,,,,cause_delays_sum_mismatch
2016,6,OO,SkyWest Airlines Inc.,GCK,"Garden City, KS: Garden City Regional",2016,6,,,,,,,,,,,,,,,,cause_delays_sum_mismatch
2016,5,EV,ExpressJet Airlines Inc.,SLC,"Salt Lake City, UT: Salt Lake City International",2016,5,,,,,,,,,,,,,,,,cause_delays_sum_mismatch
2016,5,OO,SkyWest Airlines Inc.,BFF,"Scottsbluff, NE: Western Neb. Regional/William B. Heilig Field",2016,5,,,,,,,,,,,,,,,,cause_delays_sum_mismatch
2016,5,OO,SkyWest Airlines Inc.,MOB,"Mobile, AL: Mobile Regional",2016,5,,,,,,,,,,,,,,,,cause_delays_sum_mismatch
2016,5,OO,SkyWest Airlines Inc.,EVV,"Evansville, IN: Evansville Regional",2016,5,,,,,,,,,,,,,,,,cause_delays_sum_mismatch
2016,3,DL,Delta Air Lines Inc.,AVP,"Scranton/Wilkes-Barre, PA: Wilkes Barre Scranton International",2016,3,,,,,,,,,,,,,,,,cause_delays_sum_mismatch
2015,12,OO,SkyWest Airlines Inc.,JNU,"Juneau, AK: Juneau International",2015,12,,,,,,,,,,,,,,,,cause_delays_sum_mismatch
2015,12,OO,SkyWest Airlines Inc.,HRL,"Harlingen/San Benito, TX: Valley International",2015,12,,,,,,,,,,,,,,,,cause_delays_sum_mismatch
2015,11,DL,Delta Air Lines Inc.,PSC,"Pasco/Kennewick/Richland, WA: Tri Cities",2015,11,,,,,,,,,,,,,,,,cause_delays_sum_mismatch
2015,11,DL,Delta Air Lines Inc.,DLH,"Duluth, MN: Duluth International",2015,11,,,,,,,,,,,,,,,,cause_delays_sum_mismatch
2015,9,DL,Delta Air Lines Inc.,JNU,"Juneau, AK: Juneau International",2015,9,,,,,,,,,,,,,,,,cause_delays_sum_mismatch
2015,9,DL,Delta Air Lines Inc.,BTV,"Burlington, VT: Burlington International",2015,9,,,,,,,,,,,,,,,,cause_delays_sum_mismatch
2015,5,VX,Virgin America,TUL,"Tulsa, OK: Tulsa International",2015,5,,,,,,,,,,,,,,,,cause_delays_sum_mismatch
2015,3,DL,Delta Air Lines Inc.,PHF,"Newport News/Williamsburg, VA: Newport News/Williamsburg International",2015,3,,,,,,,,,,,,,,,,cause_delays_sum_mismatch
2015,3,EV,ExpressJet Airlines Inc.,BGR,"Bangor, ME: Bangor International",2015,3,,,,,,,,,,,,,,,,cause_delays_sum_mismatch
2015,3,OO,SkyWest Airlines Inc.,EWR,"Newark, NJ: Newark Liberty International",2015,3,,,,,,,,,,,,,,,,cause_delays_sum_mismatch
2015,3,UA,United Air Lines Inc.,STL,"St. Louis, MO: St Louis Lambert International",2015,3,,,,,,,,,,,,,,,,cause_delays_sum_mismatch
2015,1,EV,ExpressJet Airlines Inc.,PHX,"Phoenix, AZ: Phoenix Sky Harbor International",2015,1,,,,,,,,,,,,,,,,cause_delays_sum_mismatch
2014,12,DL,Delta Air Lines Inc.,TVC,"Traverse City, MI: Cherry Capital",2014,12,,,,,,,,,,,,,,,,cause_delays_sum_mismatch
2014,12,EV,ExpressJet Airlines Inc.,MCN,"Macon, GA: Middle Georgia Regional",2014,12,,,,,,,,,,,,,,,,cause_delays_sum_mismatch
2014,12,F9,Frontier Airlines Inc.,PIT,"Pittsburgh, PA: Pittsburgh International",2014,12,,,,,,,,,,,,,,,,cause_delays_sum_mismatch
2014,12,F9,Frontier Airlines Inc.,BWI,"Baltimore, MD: Baltimore/Washington International Thurgood Marshall",2014,12,,,,,,,,,,,,,,,,cause_delays_sum_mismatch
2014,12,UA,United Air Lines Inc.,BNA,"Nashville, TN: Nashville International",2014,12,,,,,,,,,,,,,,,,cause_delays_sum_mismatch
2014,11,FL,AirTran Airways Corporation,SNA,"Santa Ana, CA: John Wayne Airport-Orange County",2014,11,,,,,,,,,,,,,,,,cause_delays_sum_mismatch
2014,11,DL,Delta Air Lines Inc.,PSC,"Pasco/Kennewick/Richland, WA: Tri Cities",2014,11,,,,,,,,,,,,,,,,cause_delays_sum_mismatch
2014,11,EV,ExpressJet Airlines Inc.,HDN,"Hayden, CO: Yampa Valley",2014,11,,,,,,,,,,,,,,,,cause_delays_sum_mismatch
2014,10,AA,American Airlines Inc.,EGE,"Eagle, CO: Eagle County Regional",2014,10,,,,,,,,,,,,,,,,cause_delays_sum_mismatch
2014,10,F9,Frontier Airlines Inc.,ANC,"Anchorage, AK: Ted Stevens Anchorage International",2014,10,,,,,,,,,,,,,,,,cause_delays_sum_mismatch
2014,10,OO,SkyWest Airlines Inc.,GFK,"Grand Forks, ND: Grand Forks International",2014,10,,,,,,,,,,,,,,,,cause_delays_sum_mismatch
2014,7,EV,ExpressJet Airlines Inc.,PUB,"Pueblo, CO: Pueblo Memorial",2014,7,,,,,,,,,,,,,,,,cause_delays_sum_mismatch
2014,6,EV,ExpressJet Airlines Inc.,SWF,"Newburgh/Poughkeepsie, NY: New York Stewart International",2014,6,,,,,,,,,,,,,,,,cause_delays_sum_mismatch
2014,5,EV,ExpressJet Airlines Inc.,BZN,"Bozeman, MT: Bozeman Yellowstone International",2014,5,,,,,,,,,,,,,,,,cause_delays_sum_mismatch
2014,5,EV,ExpressJet Airlines Inc.,FLL,"Fort Lauderdale, FL: Fort Lauderdale-Hollywood International",2014,5,,,,,,,,,,,,,,,,cause_delays_sum_mismatch
2014,4,DL,Delta Air Lines Inc.,JAC,"Jackson, WY: Jackson Hole",2014,4,,,,,,,,,,,,,,,,cause_delays_sum_mismatch
2014,4,F9,Frontier Airlines Inc.,LAN,"Lansing, MI: Capital Region International",2014,4,,,,,,,,,,,,,,,,cause_delays_sum_mismatch
2014,4,OO,SkyWest Airlines Inc.,HDN,"Hayden, CO: Yampa Valley",2014,4,,,,,,,,,,,,,,,,cause_delays_sum_mismatch
2014,4,UA,United Air Lines Inc.,JAC,"Jackson, WY: Jackson Hole",2014,4,,,,,,,,,,,,,,,,cause_delays_sum_mismatch
2014,4,UA,United Air Lines Inc.,BZN,"Bozeman, MT: Bozeman Yellowstone International",2014,4,,,,,,,,,,,,,,,,cause_delays_sum_mismatch
2014,3,DL,Delta Air Lines Inc.,MOT,"Minot, ND: Minot International",2014,3,,,,,,,,,,,,,,,,cause_delays_sum_mismatch
2014,1,OO,SkyWest Airlines Inc.,BRO,"Brownsville, TX: Brownsville South Padre Island International",2014,1,,,,,,,,,,,,,,,,cause_delays_sum_mismatch
2013,12,EV,ExpressJet Airlines Inc.,RKS,"Rock Springs, WY: Southwest Wyoming Regional",2013,12,,,,,,,,,,,,,,,,cause_delays_sum_mismatch
2013,11,EV,ExpressJet Airlines Inc.,DAB,"Daytona Beach, FL: Daytona Beach International",2013,11,,,,,,,,,,,,,,,,cause_delays_sum_mismatch
2013,11,OO,SkyWest Airlines Inc.,TPA,"Tampa, FL: Tampa International",2013,11,,,,,,,,,,,,,,,,cause_delays_sum_mismatch
2013,11,UA,United Air Lines Inc.,SPN,"Saipan, TT: Francisco C. Ada Saipan International",2013,11,,,,,,,,,,,,,,,,cause_delays_sum_mismatch
2013,10,EV,ExpressJet Airlines Inc.,HOU,"Houston, TX: William P Hobby",2013,10,,,,,,,,,,,,,,,,cause_delays_sum_mismatch
2013,10,OO,SkyWest Airlines Inc.,LSE,"La Crosse, WI: La Crosse Regional",2013,10,,,,,,,,,,,,,,,,cause_delays_sum_mismatch
2013,9,F9,Frontier Airlines Inc.,MTJ,"Montrose/Delta, CO: Montrose Regional",2013,9,,,,,,,,,,,,,,,,cause_delays_sum_mismatch
2013,9,YV,Mesa Airlines Inc.,FAY,"Fayetteville, NC: Fayetteville Regional/Grannis Field",2013,9,,,,,,,,,,,,,,,,cause_delays_sum_mismatch
2013,8,MQ,American Eagle Airlines Inc.,MSY,"New Orleans, LA: Louis Armstrong New Orleans International",2013,8,,,,,,,,,,,,,,,,cause_delays_sum_mismatch
2013,7,F9,Frontier Airlines Inc.,DAY,"Dayton, OH: James M Cox/Dayton International",2013,7,,,,,,,,,,,,,,,,cause_delays_sum_mismatch
2013,7,OO,SkyWest Airlines Inc.,PIA,"Peoria, IL: General Downing - Peoria International",2013,7,,,,,,,,,,,,,,,,cause_delays_sum_mismatch
2013,6,YV,Mesa Airlines Inc.,BFL,"Bakersfield, CA: Meadows Field",2013,6,,,,,,,,,,,,,,,,cause_delays_sum_mismatch
2013,6,EV,ExpressJet Airlines Inc.,CYS,"Cheyenne, WY: Cheyenne Regional/Jerry Olson Field",2013,6,,,,,,,,,,,,,,,,cause_delays_sum_mismatch
2013,5,EV,ExpressJet Airlines Inc.,MOT,"Minot, ND: Minot International",2013,5,,,,,,,,,,,,,,,,cause_delays_sum_mismatch
2013,5,OO,SkyWest Airlines Inc.,HDN,"Hayden, CO: Yampa Valley",2013,5,,,,,,,,,,,,,,,,cause_delays_sum_mismatch
2013,4,AA,American Airlines Inc.,JAC,"Jackson, WY: Jackson Hole",2013,4,,,,,,,,,,,,,,,,cause_delays_sum_mismatch
2013,4,F9,Frontier Airlines Inc.,MCN,"Macon, GA: Middle Georgia Regional",2013,4,,,,,,,,,,,,,,,,cause_delays_sum_mismatch
2013,1,9E,Pinnacle Airlines Inc.,AVL,"Asheville, NC: Asheville Regional",2013,1,,,,,,,,,,,,,,,,cause_delays_sum_mismatch
2013,1,EV,ExpressJet Airlines Inc.,SRQ,"Sarasota/Bradenton, FL: Sarasota/Bradenton International",2013,1,,,,,,,,,,,,,,,,cause_delays_sum_mismatch
2013,1,OO,SkyWest Airlines Inc.,LGA,"New York, NY: LaGuardia",2013,1,,,,,,,,,,,,,,,,cause_delays_sum_mismatch
2012,12,EV,ExpressJet Airlines Inc.,FLL,"Fort Lauderdale, FL: Fort Lauderdale-Hollywood International",2012,12,,,,,,,,,,,,,,,,cause_delays_sum_mismatch
2012,12,EV,ExpressJet Airlines Inc.,SRQ,"Sarasota/Bradenton, FL: Sarasota/Bradenton International",2012,12,,,,,,,,,,,,,,,,cause_delays_sum_mismatch
2012,12,F9,Frontier Airlines Inc.,CVG,"Cincinnati, OH: Cincinnati/Northern Kentucky International",2012,12,,,,,,,,,,,,,,,,cause_delays_sum_mismatch
2012,12,F9,Frontier Airlines Inc.,PIT,"Pittsburgh, PA: Pittsburgh International",2012,12,,,,,,,,,,,,,,,,cause_delays_sum_mismatch
2012,12,F9,Frontier Airlines Inc.,BWI,"Baltimore, MD: Baltimore/Washington International Thurgood Marshall",2012,12,,,,,,,,,,,,,,,,cause_delays_sum_mismatch
2012,12,US,US Airways Inc.,ELP,"El Paso, TX: El Paso International",2012,12,,,,,,,,,,,,,,,,cause_delays_sum_mismatch
2012,10,DL,Delta Air Lines Inc.,JAC,"Jackson, WY: Jackson Hole",2012,10,,,,,,,,,,,,,,,,cause_delays_sum_mismatch
2012,10,F9,Frontier Airlines Inc.,ORD,"Chicago, IL: Chicago O'Hare International",2012,10,,,,,,,,,,,,,,,,cause_delays_sum_mismatch
2012,9,F9,Frontier Airlines Inc.,ORD,"Chicago, IL: Chicago O'Hare International",2012,9,,,,,,,,,,,,,,,,cause_delays_sum_mismatch
2012,9,UA,United Air Lines Inc.,BQN,"Aguadilla, PR: Rafael Hernandez",2012,9,,,,,,,,,,,,,,,,cause_delays_sum_mismatch
2012,8,EV,ExpressJet Airlines Inc.,LWB,"Lewisburg, WV: Greenbrier Valley",2012,8,,,,,,,,,,,,,,,,cause_delays_sum_mismatch
2012,8,UA,United Air Lines Inc.,BQN,"Aguadilla, PR: Rafael Hernandez",2012,8,,,,,,,,,,,,,,,,cause_delays_sum_mismatch
2012,7,UA,United Air Lines Inc.,BQN,"Aguadilla, PR: Rafael Hernandez",2012,7,,,,,,,,,,,,,,,,cause_delays_sum_mismatch
2012,7,UA,United Air Lines Inc.,MFE,"Mission/McAllen/Edinburg, TX: McAllen Miller International",2012,7,,,,,,,,,,,,,,,,cause_delays_sum_mismatch
2012,6,OO,SkyWest Airlines Inc.,BTR,"Baton Rouge, LA: Baton Rouge Metropolitan/Ryan Field",2012,6,,,,,,,,,,,,,,,,cause_delays_sum_mismatch
2012,6,UA,United Air Lines Inc.,BQN,"Aguadilla, PR: Rafael Hernandez",2012,6,,,,,,,,,,,,,,,,cause_delays_sum_mismatch
2012,5,EV,ExpressJet Airlines Inc.,BGR,"Bangor, ME: Bangor International",2012,5,,,,,,,,,,,,,,,,cause_delays_sum_mismatch
2012,5,OO,SkyWest Airlines Inc.,SBN,"South Bend, IN: South Bend International",2012,5,,,,,,,,,,,,,,,,cause_delays_sum_mismatch
2012,5,UA,United Air Lines Inc.,BQN,"Aguadilla, PR: Rafael Hernandez",2012,5,,,,,,,,,,,,,,,,cause_delays_sum_mismatch
2012,4,UA,United Air Lines Inc.,BQN,"Aguadilla, PR: Rafael Hernandez",2012,4,,,,,,,,,,,,,,,,cause_delays_sum_mismatch
2012,1,YV,Mesa Airlines Inc.,SBN,"South Bend, IN: South Bend International",2012,1,,,,,,,,,,,,,,,,cause_delays_sum_mismatch
2011,10,DL,Delta Air Lines Inc.,AGS,"Augusta, GA: Augusta Regional at Bush Field",2011,10,,,,,,,,,,,,,,,,cause_delays_sum_mismatch
2011,9,OO,SkyWest Airlines Inc.,ROW,"Roswell, NM: Roswell International Air Center",2011,9,,,,,,,,,,,,,,,,cause_delays_sum_mismatch
2011,8,CO,Continental Air Lines Inc.,ELP,"El Paso, TX: El Paso International",2011,8,,,,,,,,,,,,,,,,cause_delays_sum_mismatch
2011,7,EV,Atlantic Southeast Airlines,LNK,"Lincoln, NE: Lincoln Airport",2011,7,,,,,,,,,,,,,,,,cause_delays_sum_mismatch
2011,7,EV,Atlantic Southeast Airlines,RIC,"Richmond, VA: Richmond International",2011,7,,,,,,,,,,,,,,,,cause_delays_sum_mismatch
2011,7,OO,SkyWest Airlines Inc.,AZO,"Kalamazoo, MI: Kalamazoo/Battle Creek International",2011,7,,,,,,,,,,,,,,,,cause_delays_sum_mismatch
2011,6,OO,SkyWest Airlines Inc.,BGM,"Binghamton, NY: Greater Binghamton/Edwin A. Link Field",2011,6,,,,,,,,,,,,,,,,cause_delays_sum_mismatch
2011,6,US,US Airways Inc.,IAD,"Washington, DC: Washington Dulles International",2011,6,,,,,,,,,,,,,,,,cause_delays_sum_mismatch
2011,5,DL,Delta Air Lines Inc.,HOU,"Houston, TX: William P Hobby",2011,5,,,,,,,,,,,,,,,,cause_delays_sum_mismatch
2011,5,EV,Atlantic Southeast Airlines,MSP,"Minneapolis, MN: Minneapolis-St Paul International",2011,5,,,,,,,,,,,,,,,,cause_delays_sum_mismatch
2011,4,CO,Continental Air Lines Inc.,SPN,"Saipan, TT: Francisco C. Ada Saipan International",2011,4,,,,,,,,,,,,,,,,cause_delays_sum_mismatch
2011,4,XE,ExpressJet Airlines Inc.,SPI,"Springfield, IL: Abraham Lincoln Capital",2011,4,,,,,,,,,,,,,,,,cause_delays_sum_mismatch
2011,3,B6,JetBlue Airways,ORF,"Norfolk, VA: Norfolk International",2011,3,,,,,,,,,,,,,,,,cause_delays_sum_mismatch
2010,12,B6,JetBlue Airways,AVP,"Scranton/Wilkes-Barre, PA: Wilkes Barre Scranton International",2010,12,,,,,,,,,,,,,,,,cause_delays_sum_mismatch
2010,11,9E,Pinnacle Airlines Inc.,TRI,"Bristol/Johnson City/Kingsport, TN: Tri Cities",2010,11,,,,,,,,,,,,,,,,cause_delays_sum_mismatch
2010,11,OH,Comair Inc.,AVP,"Scranton/Wilkes-Barre, PA: Wilkes Barre Scranton International",2010,11,,,,,,,,,,,,,,,,cause_delays_sum_mismatch
2010,11,OH,Comair Inc.,SAT,"San Antonio, TX: San Antonio International",2010,11,,,,,,,,,,,,,,,,cause_delays_sum_mismatch
2010,10,F9,Frontier Airlines Inc.,OKC,"Oklahoma City, OK: Will Rogers World",2010,10,,,,,,,,,,,,,,,,cause_delays_sum_mismatch
2010,10,OH,Comair Inc.,CAK,"Akron, OH: Akron-Canton Regional",2010,10,,,,,,,,,,,,,,,,cause_delays_sum_mismatch
2010,7,9E,Pinnacle Airlines Inc.,GPT,"Gulfport/Biloxi, MS: Gulfport-Biloxi International",2010,7,,,,,,,,,,,,,,,,cause_delays_sum_mismatch
2010,7,9E,Pinnacle Airlines Inc.,TLH,"Tallahassee, FL: Tallahassee International",2010,7,,,,,,,,,,,,,,,,cause_delays_sum_mismatch
2010,7,F9,Frontier Airlines Inc.,GRB,"Green Bay, WI: Green Bay Austin Straubel International",2010,7,,,,,,,,,,,,,,,,cause_delays_sum_mismatch
2010,6,OO,SkyWest Airlines Inc.,AZO,"Kalamazoo, MI: Kalamazoo/Battle Creek International",2010,6,,,,,,,,,,,,,,,,cause_delays_sum_mismatch
2010,5,OH,Comair Inc.,CAE,"Columbia, SC: Columbia Metropolitan",2010,5,,,,,,,,,,,,,,,,cause_delays_sum_mismatch
2010,3,9E,Pinnacle Airlines Inc.,AGS,"Augusta, GA: Augusta Regional at Bush Field",2010,3,,,,,,,,,,,,,,,,cause_delays_sum_mismatch
2010,3,F9,Frontier Airlines Inc.,COS,"Colorado Springs, CO: City of Colorado Springs Municipal",2010,3,,,,,,,,,,,,,,,,cause_delays_sum_mismatch
2010,1,OO,SkyWest Airlines Inc.,CLT,"Charlotte, NC: Charlotte Douglas International",2010,1,,,,,,,,,,,,,,,,cause_delays_sum_mismatch
2009,12,EV,Atlantic Southeast Airlines,FSD,"Sioux Falls, SD: Joe Foss Field",2009,12,,,,,,,,,,,,,,,,cause_delays_sum_mismatch
2009,12,F9,Frontier Airlines Inc.,GEG,"Spokane, WA: Spokane International",2009,12,,,,,,,,,,,,,,,,cause_delays_sum_mismatch
2009,12,YV,Mesa Airlines Inc.,RKS,"Rock Springs, WY: Southwest Wyoming Regional",2009,12,,,,,,,,,,,,,,,,cause_delays_sum_mismatch
2009,11,EV,Atlantic Southeast Airlines,BTV,"Burlington, VT: Burlington International",2009,11,,,,,,,,,,,,,,,,cause_delays_sum_mismatch
2009,11,OH,Comair Inc.,FNT,"Flint, MI: Bishop International",2009,11,,,,,,,,,,,,,,,,cause_delays_sum_mismatch
2009,11,OO,SkyWest Airlines Inc.,GSP,"Greer, SC: Greenville-Spartanburg International",2009,11,,,,,,,,,,,,,,,,cause_delays_sum_mismatch
2009,11,OO,SkyWest Airlines Inc.,JAN,"Jackson/Vicksburg, MS: Jackson Medgar Wiley Evers International",2009,11,,,,,,,,,,,,,,,,cause_delays_sum_mismatch
2009,11,YV,Mesa Airlines Inc.,ICT,"Wichita, KS: Wichita Dwight D Eisenhower National",2009,11,,,,,,,,,,,,,,,,cause_delays_sum_mismatch
2009,10,EV,Atlantic Southeast Airlines,MKE,"Milwaukee, WI: General Mitchell International",2009,10,,,,,,,,,,,,,,,,cause_delays_sum_mismatch
2009,10,F9,Frontier Airlines Inc.,OKC,"Oklahoma City, OK: Will Rogers World",2009,10,,,,,,,,,,,,,,,,cause_delays_sum_mismatch
2009,10,NW,Northwest Airlines Inc.,SAT,"San Antonio, TX: San Antonio International",2009,10,,,,,,,,,,,,,,,,cause_delays_sum_mismatch
2009,10,OO,SkyWest Airlines Inc.,FNT,"Flint, MI: Bishop International",2009,10,,,,,,,,,,,,,,,,cause_delays_sum_mismatch
2009,10,OO,SkyWest Airlines Inc.,PNS,"Pensacola, FL: Pensacola International",2009,10,,,,,,,,,,,,,,,,cause_delays_sum_mismatch
2009,9,9E,Pinnacle Airlines Inc.,CMX,"Hancock/Houghton, MI: Houghton County Memorial",2009,9,,,,,,,,,,,,,,,,cause_delays_sum_mismatch
2009,9,9E,Pinnacle Airlines Inc.,FSM,"Fort Smith, AR: Fort Smith Regional",2009,9,,,,,,,,,,,,,,,,cause_delays_sum_mismatch
2009,9,9E,Pinnacle Airlines Inc.,HPN,"White Plains, NY: Westchester County",2009,9,,,,,,,,,,,,,,,,cause_delays_sum_mismatch
2009,9,DL,Delta Air Lines Inc.,GSO,"Greensboro/High Point, NC: Piedmont Triad International",2009,9,,,,,,,,,,,,,,,,cause_delays_sum_mismatch
2009,9,EV,Atlantic Southeast Airlines,EWR,"Newark, NJ: Newark Liberty International",2009,9,,,,,,,,,,,,,,,,cause_delays_sum_mismatch
2009,9,EV,Atlantic Southeast Airlines,PWM,"Portland, ME: Portland International Jetport",2009,9,,,,,,,,,,,,,,,,cause_delays_sum_mismatch
2009,9,NW,Northwest Airlines Inc.,DLH,"Duluth, MN: Duluth International",2009,9,,,,,,,,,,,,,,,,cause_delays_sum_mismatch
2009,9,NW,Northwest Airlines Inc.,GFK,"Grand Forks, ND: Grand Forks International",2009,9,,,,,,,,,,,,,,,,cause_delays_sum_mismatch
2009,9,NW,Northwest Airlines Inc.,MSO,"Missoula, MT: Missoula International",2009,9,,,,,,,,,,,,,,,,cause_delays_sum_mismatch
2009,9,NW,Northwest Airlines Inc.,SYR,"Syracuse, NY: Syracuse Hancock International",2009,9,,,,,,,,,,,,,,,,cause_delays_sum_mismatch
2009,7,9E,Pinnacle Airlines Inc.,HLN,"Helena, MT: Helena Regional",2009,7,,,,,,,,,,,,,,,,cause_delays_sum_mismatch
2009,7,9E,Pinnacle Airlines Inc.,SRQ,"Sarasota/Bradenton, FL: Sarasota/Bradenton International",2009,7,,,,,,,,,,,,,,,,cause_delays_sum_mismatch
2009,7,9E,Pinnacle Airlines Inc.,SUX,"Sioux City, IA: Sioux Gateway Brig Gen Bud Day Field",2009,7,,,,,,,,,,,,,,,,cause_delays_sum_mismatch
2009,7,9E,Pinnacle Airlines Inc.,TOL,"Toledo, OH: Toledo Express",2009,7,,,,,,,,,,,,,,,,cause_delays_sum_mismatch
2009,7,9E,Pinnacle Airlines Inc.,VPS,"Valparaiso, FL: Eglin AFB Destin Fort Walton Beach",2009,7,,,,,,,,,,,,,,,,cause_delays_sum_mismatch
2009,7,NW,Northwest Airlines Inc.,MBS,"Saginaw/Bay City/Midland, MI: MBS International",2009,7,,,,,,,,,,,,,,,,cause_delays_sum_mismatch
2009,7,OO,SkyWest Airlines Inc.,GSP,"Greer, SC: Greenville-Spartanburg International",2009,7,,,,,,,,,,,,,,,,cause_delays_sum_mismatch
2009,7,UA,United Air Lines Inc.,MIA,"Miami, FL: Miami International",2009,7,,,,,,,,,,,,,,,,cause_delays_sum_mismatch
2009,6,B6,JetBlue Airways,BDL,"Hartford, CT: Bradley International",2009,6,,,,,,,,,,,,,,,,cause_delays_sum_mismatch
2009,6,F9,Frontier Airlines Inc.,RSW,"Fort Myers, FL: Southwest Florida International",2009,6,,,,,,,,,,,,,,,,cause_delays_sum_mismatch
2009,6,OH,Comair Inc.,HTS,"Ashland, WV: Tri-State/Milton J. Ferguson Field",2009,6,,,,,,,,,,,,,,,,cause_delays_sum_mismatch
2009,6,OH,Comair Inc.,PVD,"Providence, RI: Theodore Francis Green State",2009,6,,,,,,,,,,,,,,,,cause_delays_sum_mismatch
2009,5,OH,Comair Inc.,CID,"Cedar Rapids/Iowa City, IA: The Eastern Iowa",2009,5,,,,,,,,,,,,,,,,cause_delays_sum_mismatch
2009,5,OH,Comair Inc.,HTS,"Ashland, WV: Tri-State/Milton J. Ferguson Field",2009,5,,,,,,,,,,,,,,,,cause_delays_sum_mismatch
2009,5,OH,Comair Inc.,MDT,"Harrisburg, PA: Harrisburg International",2009,5,,,,,,,,,,,,,,,,cause_delays_sum_mismatch
2009,5,OH,Comair Inc.,OKC,"Oklahoma City, OK: Will Rogers World",2009,5,,,,,,,,,,,,,,,,cause_delays_sum_mismatch
2009,4,EV,Atlantic Southeast Airlines,JAX,"Jacksonville, FL: Jacksonville International",2009,4,,,,,,,,,,,,,,,,cause_delays_sum_mismatch
2009,4,OH,Comair Inc.,HOU,"Houston, TX: William P Hobby",2009,4,,,,,,,,,,,,,,,,cause_delays_sum_mismatch
2009,1,EV,Atlantic Southeast Airlines,CMH,"Columbus, OH: John Glenn Columbus International",2009,1,,,,,,,,,,,,,,,,cause_delays_sum_mismatch
2009,1,EV,Atlantic Southeast Airlines,HOU,"Houston, TX: William P Hobby",2009,1,,,,,,,,,,,,,,,,cause_delays_sum_mismatch
2009,1,OO,SkyWest Airlines Inc.,MDT,"Harrisburg, PA: Harrisburg International",2009,1,,,,,,,,,,,,,,,,cause_delays_sum_mismatch
2008,11,EV,Atlantic Southeast Airlines,PWM,"Portland, ME: Portland International Jetport",2008,11,,,,,,,,,,,,,,,,cause_delays_sum_mismatch
2008,11,NW,Northwest Airlines Inc.,RAP,"Rapid City, SD: Rapid City Regional",2008,11,,,,,,,,,,,,,,,,cause_delays_sum_mismatch
2008,11,OH,Comair Inc.,MSN,"Madison, WI: Dane County Regional-Truax Field",2008,11,,,,,,,,,,,,,,,,cause_delays_sum_mismatch
2008,11,OH,Comair Inc.,ROC,"Rochester, NY: Greater Rochester International",2008,11,,,,,,,,,,,,,,,,cause_delays_sum_mismatch
2008,11,US,US Airways Inc.,SAT,"San Antonio, TX: San Antonio International",2008,11,,,,,,,,,,,,,,,,cause_delays_sum_mismatch
2008,10,9E,Pinnacle Airlines Inc.,GTF,"Great Falls, MT: Great Falls International",2008,10,,,,,,,,,,,,,,,,cause_delays_sum_mismatch
2008,10,CO,Continental Air Lines Inc.,BHM,"Birmingham, AL: Birmingham-Shuttlesworth International",2008,10,,,,,,,,,,,,,,,,cause_delays_sum_mismatch
2008,10,EV,Atlantic Southeast Airlines,EWR,"Newark, NJ: Newark Liberty International",2008,10,,,,,,,,,,,,,,,,cause_delays_sum_mismatch
2008,10,EV,Atlantic Southeast Airlines,TPA,"Tampa, FL: Tampa International",2008,10,,,,,,,,,,,,,,,,cause_delays_sum_mismatch
2008,10,MQ,American Eagle Airlines Inc.,DAY,"Dayton, OH: James M Cox/Dayton International",2008,10,,,,,,,,,,,,,,,,cause_delays_sum_mismatch
2008,10,MQ,American Eagle Airlines Inc.,SJT,"San Angelo, TX: San Angelo Regional/Mathis Field",2008,10,,,,,,,,,,,,,,,,cause_delays_sum_mismatch
2008,10,MQ,American Eagle Airlines Inc.,SPS,"Wichita Falls, TX: Sheppard AFB/Wichita Falls Municipal",2008,10,,,,,,,,,,,,,,,,cause_delays_sum_mismatch
2008,10,OH,Comair Inc.,EVV,"Evansville, IN: Evansville Regional",2008,10,,,,,,,,,,,,,,,,cause_delays_sum_mismatch
2008,10,OH,Comair Inc.,MEM,"Memphis, TN: Memphis International",2008,10,,,,,,,,,,,,,,,,cause_delays_sum_mismatch
2008,10,OH,Comair Inc.,XNA,"Fayetteville, AR: Northwest Arkansas Regional",2008,10,,,,,,,,,,,,,,,,cause_delays_sum_mismatch
2008,10,XE,ExpressJet Airlines Inc.,CLL,"College Station/Bryan, TX: Easterwood Field",2008,10,,,,,,,,,,,,,,,,cause_delays_sum_mismatch
2008,10,YV,Mesa Airlines Inc.,EUG,"Eugene, OR: Mahlon Sweet Field",2008,10,,,,,,,,,,,,,,,,cause_delays_sum_mismatch
2008,9,DL,Delta Air Lines Inc.,FAI,"Fairbanks, AK: Fairbanks International",2008,9,,,,,,,,,,,,,,,,cause_delays_sum_mismatch
2008,9,EV,Atlantic Southeast Airlines,CHS,"Charleston, SC: Charleston AFB/International",2008,9,,,,,,,,,,,,,,,,cause_delays_sum_mismatch
2008,9,EV,Atlantic Southeast Airlines,GRB,"Green Bay, WI: Green Bay Austin Straubel International",2008,9,,,,,,,,,,,,,,,,cause_delays_sum_mismatch
2008,9,EV,Atlantic Southeast Airlines,IND,"Indianapolis, IN: Indianapolis International",2008,9,,,,,,,,,,,,,,,,cause_delays_sum_mismatch
2008,9,EV,Atlantic Southeast Airlines,MIA,"Miami, FL: Miami International",2008,9,,,,,,,,,,,,,,,,cause_delays_sum_mismatch
2008,9,OH,Comair Inc.,HPN,"White Plains, NY: Westchester County",2008,9,,,,,,,,,,,,,,,,cause_delays_sum_mismatch
2008,9,OH,Comair Inc.,MDT,"Harrisburg, PA: Harrisburg International",2008,9,,,,,,,,,,,,,,,,cause_delays_sum_mismatch
2008,9,OH,Comair Inc.,SCE,"State College, PA: University Park",2008,9,,,,,,,,,,,,,,,,cause_delays_sum_mismatch
2008,9,OH,Comair Inc.,TOL,"Toledo, OH: Toledo Express",2008,9,,,,,,,,,,,,,,,,cause_delays_sum_mismatch
2008,9,XE,ExpressJet Airlines Inc.,IDA,"Idaho Falls, ID: Idaho Falls Regional",2008,9,,,,,,,,,,,,,,,,cause_delays_sum_mismatch
2008,8,9E,Pinnacle Airlines Inc.,ROC,"Rochester, NY: Greater Rochester International",2008,8,,,,,,,,,,,,,,,,cause_delays_sum_mismatch
2008,8,NW,Northwest Airlines Inc.,LSE,"La Crosse, WI: La Crosse Regional",2008,8,,,,,,,,,,,,,,,,cause_delays_sum_mismatch
2008,8,OH,Comair Inc.,ABE,"Allentown/Bethlehem/Easton, PA: Lehigh Valley International",2008,8,,,,,,,,,,,,,,,,cause_delays_sum_mismatch
2008,8,OH,Comair Inc.,HPN,"White Plains, NY: Westchester County",2008,8,,,,,,,,,,,,,,,,cause_delays_sum_mismatch
2008,7,CO,Continental Air Lines Inc.,PVD,"Providence, RI: Theodore Francis Green State",2008,7,,,,,,,,,,,,,,,,cause_delays_sum_mismatch
2008,7,OH,Comair Inc.,AVP,"Scranton/Wilkes-Barre, PA: Wilkes Barre Scranton International",2008,7,,,,,,,,,,,,,,,,cause_delays_sum_mismatch
2008,7,OH,Comair Inc.,CHA,"Chattanooga, TN: Lovell Field",2008,7,,,,,,,,,,,,,,,,cause_delays_sum_mismatch
2008,7,OH,Comair Inc.,SHV,"Shreveport, LA: Shreveport Regional",2008,7,,,,,,,,,,,,,,,,cause_delays_sum_mismatch
2008,7,XE,ExpressJet Airlines Inc.,PUB,"Pueblo, CO: Pueblo Memorial",2008,7,,,,,,,,,,,,,,,,cause_delays_sum_mismatch
2008,6,F9,Frontier Airlines Inc.,RSW,"Fort Myers, FL: Southwest Florida International",2008,6,,,,,,,,,,,,,,,,cause_delays_sum_mismatch
2008,6,MQ,American Eagle Airlines Inc.,PHL,"Philadelphia, PA: Philadelphia International",2008,6,,,,,,,,,,,,,,,,cause_delays_sum_mismatch
2008,6,OH,Comair Inc.,DAB,"Daytona Beach, FL: Daytona Beach International",2008,6,,,,,,,,,,,,,,,,cause_delays_sum_mismatch
2008,6,OH,Comair Inc.,ERI,"Erie, PA: Erie International/Tom Ridge Field",2008,6,,,,,,,,,,,,,,,,cause_delays_sum_mismatch
2008,6,OH,Comair Inc.,HPN,"White Plains, NY: Westchester County",2008,6,,,,,,,,,,,,,,,,cause_delays_sum_mismatch
2008,6,OH,Comair Inc.,MSN,"Madison, WI: Dane County Regional-Truax Field",2008,6,,,,,,,,,,,,,,,,cause_delays_sum_mismatch
2008,6,OH,Comair Inc.,SWF,"Newburgh/Poughkeepsie, NY: New York Stewart International",2008,6,,,,,,,,,,,,,,,,cause_delays_sum_mismatch
2008,6,OO,SkyWest Airlines Inc.,PVD,"Providence, RI: Theodore Francis Green State",2008,6,,,,,,,,,,,,,,,,cause_delays_sum_mismatch
2008,6,OO,SkyWest Airlines Inc.,RIC,"Richmond, VA: Richmond International",2008,6,,,,,,,,,,,,,,,,cause_delays_sum_mismatch
2008,5,EV,Atlantic Southeast Airlines,ISP,"Islip, NY: Long Island MacArthur",2008,5,,,,,,,,,,,,,,,,cause_delays_sum_mismatch
2008,5,EV,Atlantic Southeast Airlines,SCE,"State College, PA: University Park",2008,5,,,,,,,,,,,,,,,,cause_delays_sum_mismatch
2008,5,NW,Northwest Airlines Inc.,SJU,"San Juan, PR: Luis Munoz Marin International",2008,5,,,,,,,,,,,,,,,,cause_delays_sum_mismatch
2008,5,OH,Comair Inc.,CHO,"Charlottesville, VA: Charlottesville Albemarle",2008,5,,,,,,,,,,,,,,,,cause_delays_sum_mismatch
2008,5,OH,Comair Inc.,ROA,"Roanoke, VA: Roanoke Blacksburg Regional Woodrum Field",2008,5,,,,,,,,,,,,,,,,cause_delays_sum_mismatch
2008,4,OH,Comair Inc.,MYR,"Myrtle Beach, SC: Myrtle Beach International",2008,4,,,,,,,,,,,,,,,,cause_delays_sum_mismatch
2008,4,OH,Comair Inc.,SGF,"Springfield, MO: Springfield-Branson National",2008,4,,,,,,,,,,,,,,,,cause_delays_sum_mismatch
2008,4,OO,SkyWest Airlines Inc.,LIT,"Little Rock, AR: Bill and Hillary Clinton Nat Adams Field",2008,4,,,,,,,,,,,,,,,,cause_delays_sum_mismatch
2008,3,EV,Atlantic Southeast Airlines,DCA,"Washington, DC: Ronald Reagan Washington National",2008,3,,,,,,,,,,,,,,,,cause_delays_sum_mismatch
2008,3,F9,Frontier Airlines Inc.,OKC,"Oklahoma City, OK: Will Rogers World",2008,3,,,,,,,,,,,,,,,,cause_delays_sum_mismatch
2008,3,OH,Comair Inc.,ACY,"Atlantic City, NJ: Atlantic City International",2008,3,,,,,,,,,,,,,,,,cause_delays_sum_mismatch
2008,3,OH,Comair Inc.,CHA,"Chattanooga, TN: Lovell Field",2008,3,,,,,,,,,,,,,,,,cause_delays_sum_mismatch
2008,3,OH,Comair Inc.,LIT,"Little Rock, AR: Bill and Hillary Clinton Nat Adams Field",2008,3,,,,,,,,,,,,,,,,cause_delays_sum_mismatch
2008,3,OH,Comair Inc.,MCN,"Macon, GA: Middle Georgia Regional",2008,3,,,,,,,,,,,,,,,,cause_delays_sum_mismatch
2008,2,9E,Pinnacle Airlines Inc.,CPR,"Casper, WY: Casper/Natrona County International",2008,2,,,,,,,,,,,,,,,,cause_delays_sum_mismatch
2008,2,OH,Comair Inc.,ACY,"Atlantic City, NJ: Atlantic City International",2008,2,,,,,,,,,,,,,,,,cause_delays_sum_mismatch
2008,1,EV,Atlantic Southeast Airlines,BDL,"Hartford, CT: Bradley International",2008,1,,,,,,,,,,,,,,,,cause_delays_sum_mismatch
2008,1,OH,Comair Inc.,ACY,"Atlantic City, NJ: Atlantic City International",2008,1,,,,,,,,,,,,,,,,cause_delays_sum_mismatch
2008,1,OH,Comair Inc.,CHO,"Charlottesville, VA: Charlottesville Albemarle",2008,1,,,,,,,,,,,,,,,,cause_delays_sum_mismatch
2008,1,OH,Comair Inc.,ROA,"Roanoke, VA: Roanoke Blacksburg Regional Woodrum Field",2008,1,,,,,,,,,,,,,,,,cause_delays_sum_mismatch
2007,12,EV,Atlantic Southeast Airlines,JFK,"New York, NY: John F. Kennedy International",2007,12,,,,,,,,,,,,,,,,cause_delays_sum_mismatch
2007,11,EV,Atlantic Southeast Airlines,MDW,"Chicago, IL: Chicago Midway International",2007,11,,,,,,,,,,,,,,,,cause_delays_sum_mismatch
2007,11,OH,Comair Inc.,CHA,"Chattanooga, TN: Lovell Field",2007,11,,,,,,,,,,,,,,,,cause_delays_sum_mismatch
2007,11,OH,Comair Inc.,MCN,"Macon, GA: Middle Georgia Regional",2007,11,,,,,,,,,,,,,,,,cause_delays_sum_mismatch
2007,11,OH,Comair Inc.,MLI,"Moline, IL: Quad City International",2007,11,,,,,,,,,,,,,,,,cause_delays_sum_mismatch
2007,10,EV,Atlantic Southeast Airlines,APF,"Naples, FL: Naples Municipal",2007,10,,,,,,,,,,,,,,,,cause_delays_sum_mismatch
2007,10,EV,Atlantic Southeast Airlines,PHL,"Philadelphia, PA: Philadelphia International",2007,10,,,,,,,,,,,,,,,,cause_delays_sum_mismatch
2007,10,OH,Comair Inc.,ACY,"Atlantic City, NJ: Atlantic City International",2007,10,,,,,,,,,,,,,,,,cause_delays_sum_mismatch
2007,10,OH,Comair Inc.,AZO,"Kalamazoo, MI: Kalamazoo/Battle Creek International",2007,10,,,,,,,,,,,,,,,,cause_delays_sum_mismatch
2007,10,OH,Comair Inc.,CHA,"Chattanooga, TN: Lovell Field",2007,10,,,,,,,,,,,,,,,,cause_delays_sum_mismatch
2007,10,OH,Comair Inc.,MSN,"Madison, WI: Dane County Regional-Truax Field",2007,10,,,,,,,,,,,,,,,,cause_delays_sum_mismatch
2007,10,OH,Comair Inc.,SBN,"South Bend, IN: South Bend International",2007,10,,,,,,,,,,,,,,,,cause_delays_sum_mismatch
2007,10,OH,Comair Inc.,TRI,"Bristol/Johnson City/Kingsport, TN: Tri Cities",2007,10,,,,,,,,,,,,,,,,cause_delays_sum_mismatch
2007,9,OH,Comair Inc.,ACY,"Atlantic City, NJ: Atlantic City International",2007,9,,,,,,,,,,,,,,,,cause_delays_sum_mismatch
2007,9,OH,Comair Inc.,CRW,"Charleston/Dunbar, WV: Yeager",2007,9,,,,,,,,,,,,,,,,cause_delays_sum_mismatch
2007,8,OH,Comair Inc.,ACY,"Atlantic City, NJ: Atlantic City International",2007,8,,,,,,,,,,,,,,,,cause_delays_sum_mismatch
2007,8,OH,Comair Inc.,MCN,"Macon, GA: Middle Georgia Regional",2007,8,,,,,,,,,,,,,,,,cause_delays_sum_mismatch
2007,8,XE,ExpressJet Airlines Inc.,AEX,"Alexandria, LA: Alexandria International",2007,8,,,,,,,,,,,,,,,,cause_delays_sum_mismatch
2007,7,OH,Comair Inc.,ACY,"Atlantic City, NJ: Atlantic City International",2007,7,,,,,,,,,,,,,,,,cause_delays_sum_mismatch
2007,7,OH,Comair Inc.,DEN,"Denver, CO: Denver International",2007,7,,,,,,,,,,,,,,,,cause_delays_sum_mismatch
2007,7,XE,ExpressJet Airlines Inc.,SRQ,"Sarasota/Bradenton, FL: Sarasota/Bradenton International",2007,7,,,,,,,,,,,,,,,,cause_delays_sum_mismatch
2007,6,OH,Comair Inc.,ACY,"Atlantic City, NJ: Atlantic City International",2007,6,,,,,,,,,,,,,,,,cause_delays_sum_mismatch
2007,6,OH,Comair Inc.,MLB,"Melbourne, FL: Melbourne International",2007,6,,,,,,,,,,,,,,,,cause_delays_sum_mismatch
2007,5,EV,Atlantic Southeast Airlines,ORD,"Chicago, IL: Chicago O'Hare International",2007,5,,,,,,,,,,,,,,,,cause_delays_sum_mismatch
2007,5,OH,Comair Inc.,ACY,"Atlantic City, NJ: Atlantic City International",2007,5,,,,,,,,,,,,,,,,cause_delays_sum_mismatch
2007,5,OH,Comair Inc.,FLL,"Fort Lauderdale, FL: Fort Lauderdale-Hollywood International",2007,5,,,,,,,,,,,,,,,,cause_delays_sum_mismatch
2007,5,OH,Comair Inc.,HTS,"Ashland, WV: Tri-State/Milton J. Ferguson Field",2007,5,,,,,,,,,,,,,,,,cause_delays_sum_mismatch
2007,4,9E,Pinnacle Airlines Inc.,PIA,"Peoria, IL: General Downing - Peoria International",2007,4,,,,,,,,,,,,,,,,cause_delays_sum_mismatch
2007,4,CO,Continental Air Lines Inc.,PSP,"Palm Springs, CA: Palm Springs International",2007,4,,,,,,,,,,,,,,,,cause_delays_sum_mismatch
2007,4,OH,Comair Inc.,FWA,"Fort Wayne, IN: Fort Wayne International",2007,4,,,,,,,,,,,,,,,,cause_delays_sum_mismatch
2007,2,OH,Comair Inc.,TRI,"Bristol/Johnson City/Kingsport, TN: Tri Cities",2007,2,,,,,,,,,,,,,,,,cause_delays_sum_mismatch
2007,1,OH,Comair Inc.,AVL,"Asheville, NC: Asheville Regional",2007,1,,,,,,,,,,,,,,,,cause_delays_sum_mismatch
2007,1,OH,Comair Inc.,ICT,"Wichita, KS: Wichita Dwight D Eisenhower National",2007,1,,,,,,,,,,,,,,,,cause_delays_sum_mismatch
2006,12,OH,Comair Inc.,FWA,"Fort Wayne, IN: Fort Wayne International",2006,12,,,,,,,,,,,,,,,,cause_delays_sum_mismatch
2006,12,OH,Comair Inc.,SHV,"Shreveport, LA: Shreveport Regional",2006,12,,,,,,,,,,,,,,,,cause_delays_sum_mismatch
2006,12,OH,Comair Inc.,SWF,"Newburgh/Poughkeepsie, NY: New York Stewart International",2006,12,,,,,,,,,,,,,,,,cause_delays_sum_mismatch
2006,11,OH,Comair Inc.,TLH,"Tallahassee, FL: Tallahassee International",2006,11,,,,,,,,,,,,,,,,cause_delays_sum_mismatch
2006,11,OH,Comair Inc.,TOL,"Toledo, OH: Toledo Express",2006,11,,,,,,,,,,,,,,,,cause_delays_sum_mismatch
2006,11,OH,Comair Inc.,TRI,"Bristol/Johnson City/Kingsport, TN: Tri Cities",2006,11,,,,,,,,,,,,,,,,cause_delays_sum_mismatch
2006,11,NW,Northwest Airlines Inc.,GSP,"Greer, SC: Greenville-Spartanburg International",2006,11,,,,,,,,,,,,,,,,cause_delays_sum_mismatch
2006,10,DL,Delta Air Lines Inc.,JAC,"Jackson, WY: Jackson Hole",2006,10,,,,,,,,,,,,,,,,cause_delays_sum_mismatch
2006,10,EV,Atlantic Southeast Airlines,BZN,"Bozeman, MT: Bozeman Yellowstone International",2006,10,,,,,,,,,,,,,,,,cause_delays_sum_mismatch
2006,10,EV,Atlantic Southeast Airlines,CMI,"Champaign/Urbana, IL: University of Illinois/Willard",2006,10,,,,,,,,,,,,,,,,cause_delays_sum_mismatch
2006,10,EV,Atlantic Southeast Airlines,LAN,"Lansing, MI: Capital Region International",2006,10,,,,,,,,,,,,,,,,cause_delays_sum_mismatch
2006,9,DL,Delta Air Lines Inc.,FAI,"Fairbanks, AK: Fairbanks International",2006,9,,,,,,,,,,,,,,,,cause_delays_sum_mismatch
2006,9,OH,Comair Inc.,CKB,"Clarksburg/Fairmont, WV: North Central West Virginia",2006,9,,,,,,,,,,,,,,,,cause_delays_sum_mismatch
2006,6,EV,Atlantic Southeast Airlines,BOI,"Boise, ID: Boise Air Terminal",2006,6,,,,,,,,,,,,,,,,cause_delays_sum_mismatch
2006,6,EV,Atlantic Southeast Airlines,OAK,"Oakland, CA: Metropolitan Oakland International",2006,6,,,,,,,,,,,,,,,,cause_delays_sum_mismatch
2006,6,US,US Airways Inc.,ABI,"Abilene, TX: Abilene Regional",2006,6,,,,,,,,,,,,,,,,cause_delays_sum_mismatch
2006,6,US,US Airways Inc.,BGR,"Bangor, ME: Bangor International",2006,6,,,,,,,,,,,,,,,,cause_delays_sum_mismatch
2006,5,OH,Comair Inc.,AVL,"Asheville, NC: Asheville Regional",2006,5,,,,,,,,,,,,,,,,cause_delays_sum_mismatch
2006,5,OH,Comair Inc.,FWA,"Fort Wayne, IN: Fort Wayne International",2006,5,,,,,,,,,,,,,,,,cause_delays_sum_mismatch
2006,5,OH,Comair Inc.,ICT,"Wichita, KS: Wichita Dwight D Eisenhower National",2006,5,,,,,,,,,,,,,,,,cause_delays_sum_mismatch
2006,5,OH,Comair Inc.,SBN,"South Bend, IN: South Bend International",2006,5,,,,,,,,,,,,,,,,cause_delays_sum_mismatch
2006,4,RU,ExpressJet Airlines Inc.,SBN,"South Bend, IN: South Bend International",2006,4,,,,,,,,,,,,,,,,cause_delays_sum_mismatch
2006,3,EV,Atlantic Southeast Airlines,ONT,"Ontario, CA: Ontario International",2006,3,,,,,,,,,,,,,,,,cause_delays_sum_mismatch
2006,2,OH,Comair Inc.,GNV,"Gainesville, FL: Gainesville Regional",2006,2,,,,,,,,,,,,,,,,cause_delays_sum_mismatch
2006,2,OH,Comair Inc.,ICT,"Wichita, KS: Wichita Dwight D Eisenhower National",2006,2,,,,,,,,,,,,,,,,cause_delays_sum_mismatch
2006,2,OH,Comair Inc.,TRI,"Bristol/Johnson City/Kingsport, TN: Tri Cities",2006,2,,,,,,,,,,,,,,,,cause_delays_sum_mismatch
2006,1,EV,Atlantic Southeast Airlines,MCI,"Kansas City, MO: Kansas City International",2006,1,,,,,,,,,,,,,,,,cause_delays_sum_mismatch
2006,1,TZ,ATA Airlines d/b/a ATA,BWI,"Baltimore, MD: Baltimore/Washington International Thurgood Marshall",2006,1,,,,,,,,,,,,,,,,cause_delays_sum_mismatch
2005,12,CO,Continental Air Lines Inc.,PVD,"Providence, RI: Theodore Francis Green State",2005,12,,,,,,,,,,,,,,,,cause_delays_sum_mismatch
2005,12,EV,Atlantic Southeast Airlines,ABQ,"Albuquerque, NM: Albuquerque International Sunport",2005,12,,,,,,,,,,,,,,,,cause_delays_sum_mismatch
2005,12,EV,Atlantic Southeast Airlines,PIT,"Pittsburgh, PA: Pittsburgh International",2005,12,,,,,,,,,,,,,,,,cause_delays_sum_mismatch
2005,12,EV,Atlantic Southeast Airlines,SNA,"Santa Ana, CA: John Wayne Airport-Orange County",2005,12,,,,,,,,,,,,,,,,cause_delays_sum_mismatch
2005,12,OH,Comair Inc.,CKB,"Clarksburg/Fairmont, WV: North Central West Virginia",2005,12,,,,,,,,,,,,,,,,cause_delays_sum_mismatch
2005,12,OH,Comair Inc.,HOU,"Houston, TX: William P Hobby",2005,12,,,,,,,,,,,,,,,,cause_delays_sum_mismatch
2005,12,OH,Comair Inc.,TRI,"Bristol/Johnson City/Kingsport, TN: Tri Cities",2005,12,,,,,,,,,,,,,,,,cause_delays_sum_mismatch
2005,12,TZ,ATA Airlines d/b/a ATA,MSP,"Minneapolis, MN: Minneapolis-St Paul International",2005,12,,,,,,,,,,,,,,,,cause_delays_sum_mismatch
2005,12,TZ,ATA Airlines d/b/a ATA,ORD,"Chicago, IL: Chicago O'Hare International",2005,12,,,,,,,,,,,,,,,,cause_delays_sum_mismatch
2005,10,NW,Northwest Airlines Inc.,BTV,"Burlington, VT: Burlington International",2005,10,,,,,,,,,,,,,,,,cause_delays_sum_mismatch
2005,10,OH,Comair Inc.,ISP,"Islip, NY: Long Island MacArthur",2005,10,,,,,,,,,,,,,,,,cause_delays_sum_mismatch
2005,10,OH,Comair Inc.,MLI,"Moline, IL: Quad City International",2005,10,,,,,,,,,,,,,,,,cause_delays_sum_mismatch
2005,8,AA,American Airlines Inc.,SHV,"Shreveport, LA: Shreveport Regional",2005,8,,,,,,,,,,,,,,,,cause_delays_sum_mismatch
2005,7,OO,SkyWest Airlines Inc.,SJT,"San Angelo, TX: San Angelo Regional/Mathis Field",2005,7,,,,,,,,,,,,,,,,cause_delays_sum_mismatch
2005,7,OO,SkyWest Airlines Inc.,VCT,"Victoria, TX: Victoria Regional",2005,7,,,,,,,,,,,,,,,,cause_delays_sum_mismatch
2005,6,OO,SkyWest Airlines Inc.,ABI,"Abilene, TX: Abilene Regional",2005,6,,,,,,,,,,,,,,,,cause_delays_sum_mismatch
2005,5,CO,Continental Air Lines Inc.,PSP,"Palm Springs, CA: Palm Springs International",2005,5,,,,,,,,,,,,,,,,cause_delays_sum_mismatch
2005,3,HP,America West Airlines Inc.,BOI,"Boise, ID: Boise Air Terminal",2005,3,,,,,,,,,,,,,,,,cause_delays_sum_mismatch
2004,12,EV,Atlantic Southeast Airlines,RSW,"Fort Myers, FL: Southwest Florida International",2004,12,,,,,,,,,,,,,,,,cause_delays_sum_mismatch
2004,12,OH,Comair Inc.,PVD,"Providence, RI: Theodore Francis Green State",2004,12,,,,,,,,,,,,,,,,cause_delays_sum_mismatch
2004,11,DH,Independence Air,SGF,"Springfield, MO: Springfield-Branson National",2004,11,,,,,,,,,,,,,,,,cause_delays_sum_mismatch
2004,10,CO,Continental Air Lines Inc.,LBB,"Lubbock, TX: Lubbock Preston Smith International",2004,10,,,,,,,,,,,,,,,,cause_delays_sum_mismatch
2004,9,NW,Northwest Airlines Inc.,HLN,"Helena, MT: Helena Regional",2004,9,,,,,,,,,,,,,,,,cause_delays_sum_mismatch
2004,7,OH,Comair Inc.,AZO,"Kalamazoo, MI: Kalamazoo/Battle Creek International",2004,7,,,,,,,,,,,,,,,,cause_delays_sum_mismatch
2004,5,NW,Northwest Airlines Inc.,GRB,"Green Bay, WI: Green Bay Austin Straubel International",2004,5,,,,,,,,,,,,,,,,cause_delays_sum_mismatch
2004,5,NW,Northwest Airlines Inc.,LSE,"La Crosse, WI: La Crosse Regional",2004,5,,,,,,,,,,,,,,,,cause_delays_sum_mismatch
2004,5,NW,Northwest Airlines Inc.,TVC,"Traverse City, MI: Cherry Capital",2004,5,,,,,,,,,,,,,,,,cause_delays_sum_mismatch
2004,4,EV,Atlantic Southeast Airlines,LAX,"Los Angeles, CA: Los Angeles International",2004,4,,,,,,,,,,,,,,,,cause_delays_sum_mismatch
2004,3,EV,Atlantic Southeast Airlines,BNA,"Nashville, TN: Nashville International",2004,3,,,,,,,,,,,,,,,,cause_delays_sum_mismatch
2004,3,EV,Atlantic Southeast Airlines,CAK,"Akron, OH: Akron-Canton Regional",2004,3,,,,,,,,,,,,,,,,cause_delays_sum_mismatch
2004,3,TZ,ATA Airlines d/b/a ATA,BWI,"Baltimore, MD: Baltimore/Washington International Thurgood Marshall",2004,3,,,,,,,,,,,,,,,,cause_delays_sum_mismatch
2004,2,EV,Atlantic Southeast Airlines,ABE,"Allentown/Bethlehem/Easton, PA: Lehigh Valley International",2004,2,,,,,,,,,,,,,,,,cause_delays_sum_mismatch
2004,2,EV,Atlantic Southeast Airlines,BNA,"Nashville, TN: Nashville International",2004,2,,,,,,,,,,,,,,,,cause_delays_sum_mismatch
2004,2,TZ,ATA Airlines d/b/a ATA,TPA,"Tampa, FL: Tampa International",2004,2,,,,,,,,,,,,,,,,cause_delays_sum_mismatch
2003,9,DL,Delta Air Lines Inc.,JAC,"Jackson, WY: Jackson Hole",2003,9,,,,,,,,,,,,,,,,cause_delays_sum_mismatch
2003,9,RU,ExpressJet Airlines Inc.,TPA,"Tampa, FL: Tampa International",2003,9,,,,,,,,,,,,,,,,cause_delays_sum_mismatch
2003,9,TZ,ATA Airlines d/b/a ATA,ABQ,"Albuquerque, NM: Albuquerque International Sunport",2003,9,,,,,,,,,,,,,,,,cause_delays_sum_mismatch
2003,6,EV,Atlantic Southeast Airlines,ORF,"Norfolk, VA: Norfolk International",2003,6,,,,,,,,,,,,,,,,cause_delays_sum_mismatch
2003,6,EV,Atlantic Southeast Airlines,SWF,"Newburgh/Poughkeepsie, NY: New York Stewart International",2003,6,,,,,,,,,,,,,,,,cause_delays_sum_mismatch
2003,6,HP,America West Airlines Inc.,LGB,"Long Beach, CA: Long Beach Airport",2003,6,,,,,,,,,,,,,,,,cause_delays_sum_mismatch
